Date,Close,Open,High,Low,returns_d
2014-01-17,36.15,36.15,36.15,36.15,
2014-01-21,35.9,35.9,35.9,35.9,-0.6915629
2014-01-22,35.9,35.9,35.9,35.9,0.0
2014-01-23,35.75,35.75,35.75,35.75,-0.41782856
2014-01-24,35.75,35.75,35.75,35.75,0.0
2014-01-27,35.7,35.7,35.7,35.7,-0.13985634
2014-01-28,35.8,35.8,35.8,35.8,0.28010607
2014-01-29,35.8,35.8,35.8,35.8,0.0
2014-01-30,35.8,35.8,35.8,35.8,0.0
2014-01-31,35.8,35.8,35.8,35.8,0.0
2014-02-03,35.8,35.8,35.8,35.8,0.0
2014-02-04,35.8,35.8,35.8,35.8,0.0
2014-02-05,35.8,35.8,35.8,35.8,0.0
2014-02-06,35.8,35.8,35.8,35.8,0.0
2014-02-07,35.75,35.75,35.75,35.75,-0.1396656
2014-02-10,35.8,35.8,35.8,35.8,0.13985634
2014-02-11,35.8,35.8,35.8,35.8,0.0
2014-02-12,35.7,35.7,35.7,35.7,-0.27932525
2014-02-13,35.7,35.7,35.7,35.7,0.0
2014-02-14,35.7,35.7,35.7,35.7,0.0
2014-02-18,35.7,35.7,35.7,35.7,0.0
2014-02-19,35.7,35.7,35.7,35.7,0.0
2014-02-20,35.7,35.7,35.7,35.7,0.0
2014-02-21,35.7,35.7,35.7,35.7,0.0
2014-02-24,35.5,35.5,35.5,35.5,-0.56022406
2014-02-25,35.55,35.55,35.55,35.55,0.14084578
2014-02-26,35.5,35.5,35.5,35.5,-0.14064312
2014-02-27,35.45,35.45,35.45,35.45,-0.14084578
2014-02-28,35.45,35.45,35.45,35.45,0.0
2014-03-03,35.25,35.25,35.25,35.25,-0.56417584
2014-03-04,35.15,35.15,35.15,35.15,-0.28368235
2014-03-05,35.0,35.0,35.0,35.0,-0.4267454
2014-03-06,35.0,35.0,35.0,35.0,0.0
2014-03-07,35.0,35.0,35.0,35.0,0.0
2014-03-10,35.05,35.05,35.05,35.05,0.14286041
2014-03-11,35.05,35.05,35.05,35.05,0.0
2014-03-12,35.0,35.0,35.0,35.0,-0.1426518
2014-03-13,34.95,34.95,34.95,34.95,-0.14285445
2014-03-14,34.8,34.8,34.8,34.8,-0.4291892
2014-03-17,34.8,34.8,34.8,34.8,0.0
2014-03-18,34.9,34.9,34.9,34.9,0.2873659
2014-03-19,34.9,34.9,34.9,34.9,0.0
2014-03-20,34.9,34.9,34.9,34.9,0.0
2014-03-21,34.75,34.75,34.75,34.75,-0.42980313
2014-03-24,34.75,34.75,34.75,34.75,0.0
2014-03-25,34.75,34.75,34.75,34.75,0.0
2014-03-26,34.5,34.5,34.5,34.5,-0.7194221
2014-03-27,34.45,34.45,34.45,34.45,-0.14492273
2014-03-28,34.3,34.3,34.3,34.3,-0.4354179
2014-03-31,34.0,34.0,34.0,34.0,-0.8746326
2014-04-01,34.45,34.45,34.45,34.45,1.323533
2014-04-02,34.45,34.45,34.45,34.45,0.0
2014-04-03,34.25,34.25,34.25,34.25,-0.5805552
2014-04-04,33.95,33.95,33.95,33.95,-0.87590814
2014-04-07,33.8,33.8,33.8,33.8,-0.44183135
2014-04-08,33.7,33.7,33.7,33.7,-0.2958536
2014-04-09,33.4,33.4,33.4,33.4,-0.8902073
2014-04-10,33.25,33.25,33.25,33.25,-0.44910908
2014-04-11,33.25,33.25,33.25,33.25,0.0
2014-04-14,33.15,33.15,33.15,33.15,-0.30074716
2014-04-15,33.0,33.0,33.0,33.0,-0.45249462
2014-04-16,32.5,32.5,32.5,32.5,-1.5151501
2014-04-17,32.5,32.5,32.5,32.5,0.0
2014-04-21,32.5,32.5,32.5,32.5,0.0
2014-04-22,32.25,32.25,32.25,32.25,-0.7692337
2014-04-23,31.5,31.5,31.5,31.5,-2.3255825
2014-04-24,31.5,31.5,31.5,31.5,0.0
2014-04-25,31.0,31.0,31.0,31.0,-1.5873015
2014-04-28,30.85,30.85,30.85,30.85,-0.4838705
2014-04-29,30.55,30.55,30.55,30.55,-0.9724498
2014-04-30,30.5,30.5,30.5,30.5,-0.16366243
2014-05-01,30.15,30.15,30.15,30.15,-1.1475444
2014-05-02,30.05,30.05,30.05,30.05,-0.331676
2014-05-05,29.25,29.25,29.25,29.25,-2.6622295
2014-05-06,29.0,29.0,29.0,29.0,-0.8547008
2014-05-07,29.0,29.0,29.0,29.0,0.0
2014-05-08,29.0,29.0,29.0,29.0,0.0
2014-05-09,29.05,29.05,29.05,29.05,0.1724124
2014-05-12,29.05,29.05,29.05,29.05,0.0
2014-05-13,29.05,29.05,29.05,29.05,0.0
2014-05-14,28.75,28.75,28.75,28.75,-1.0326982
2014-05-15,28.45,28.45,28.45,28.45,-1.0434747
2014-05-16,28.25,28.25,28.25,28.25,-0.7029891
2014-05-19,28.0,28.0,28.0,28.0,-0.8849561
2014-05-20,28.05,28.05,28.05,28.05,0.1785636
2014-05-21,28.15,28.15,28.15,28.15,0.3565073
2014-05-22,28.15,28.15,28.15,28.15,0.0
2014-05-23,28.3,28.3,28.3,28.3,0.5328536
2014-05-27,28.25,28.25,28.25,28.25,-0.17667413
2014-05-28,28.25,28.25,28.25,28.25,0.0
2014-05-29,28.25,28.25,28.25,28.25,0.0
2014-05-30,28.25,28.25,28.25,28.25,0.0
2014-06-02,28.25,28.25,28.25,28.25,0.0
2014-06-03,28.25,28.25,28.25,28.25,0.0
2014-06-04,28.25,28.25,28.25,28.25,0.0
2014-06-05,28.65,28.65,28.65,28.65,1.4159322
2014-06-06,28.65,28.65,28.65,28.65,0.0
2014-06-09,28.5,28.5,28.5,28.5,-0.52356124
2014-06-10,28.5,28.5,28.5,28.5,0.0
2014-06-11,28.5,28.5,28.5,28.5,0.0
2014-06-12,28.45,28.45,28.45,28.45,-0.17543435
2014-06-13,28.3,28.3,28.3,28.3,-0.5272448
2014-06-16,28.25,28.25,28.25,28.25,-0.17667413
2014-06-17,28.25,28.25,28.25,28.25,0.0
2014-06-18,28.25,28.25,28.25,28.25,0.0
2014-06-19,28.25,28.25,28.25,28.25,0.0
2014-06-20,28.25,28.25,28.25,28.25,0.0
2014-06-23,28.25,28.25,28.25,28.25,0.0
2014-06-24,28.25,28.25,28.25,28.25,0.0
2014-06-25,28.4,28.4,28.4,28.4,0.5309701
2014-06-26,28.25,28.25,28.25,28.25,-0.5281687
2014-06-27,28.25,28.25,28.25,28.25,0.0
2014-06-30,28.25,28.25,28.25,28.25,0.0
2014-07-01,28.3,28.3,28.3,28.3,0.17699003
2014-07-02,28.3,28.3,28.3,28.3,0.0
2014-07-03,28.3,28.3,28.3,28.3,0.0
2014-07-07,28.5,28.5,28.5,28.5,0.70672035
2014-07-08,28.5,28.5,28.5,28.5,0.0
2014-07-09,28.5,28.5,28.5,28.5,0.0
2014-07-10,28.4,28.4,28.4,28.4,-0.35088062
2014-07-11,28.4,28.4,28.4,28.4,0.0
2014-07-14,28.4,28.4,28.4,28.4,0.0
2014-07-15,28.5,28.5,28.5,28.5,0.35210848
2014-07-16,28.5,28.5,28.5,28.5,0.0
2014-07-17,28.5,28.5,28.5,28.5,0.0
2014-07-18,28.5,28.5,28.5,28.5,0.0
2014-07-21,28.5,28.5,28.5,28.5,0.0
2014-07-22,28.5,28.5,28.5,28.5,0.0
2014-07-23,28.5,28.5,28.5,28.5,0.0
2014-07-24,28.5,28.5,28.5,28.5,0.0
2014-07-25,28.6,28.6,28.6,28.6,0.35088062
2014-07-28,28.6,28.6,28.6,28.6,0.0
2014-07-29,28.75,28.75,28.75,28.75,0.5244732
2014-07-30,28.7,28.7,28.7,28.7,-0.17390847
2014-07-31,28.75,28.75,28.75,28.75,0.17421246
2014-08-01,28.75,28.75,28.75,28.75,0.0
2014-08-04,29.0,29.0,29.0,29.0,0.86956024
2014-08-05,29.5,29.5,29.5,29.5,1.7241359
2014-08-06,29.5,29.5,29.5,29.5,0.0
2014-08-07,29.75,29.75,29.75,29.75,0.84745884
2014-08-08,30.0,30.0,30.0,30.0,0.84034204
2014-08-11,30.5,30.5,30.5,30.5,1.6666651
2014-08-12,30.9,30.9,30.9,30.9,1.3114691
2014-08-13,31.0,31.0,31.0,31.0,0.32362938
2014-08-14,31.0,31.0,31.0,31.0,0.0
2014-08-15,31.0,31.0,31.0,31.0,0.0
2014-08-18,31.25,31.25,31.25,31.25,0.80645084
2014-08-19,31.4,31.4,31.4,31.4,0.4799962
2014-08-20,31.5,31.5,31.5,31.5,0.31846762
2014-08-21,31.65,31.65,31.65,31.65,0.47619343
2014-08-22,31.65,31.65,31.65,31.65,0.0
2014-08-25,31.65,31.65,31.65,31.65,0.0
2014-08-26,31.55,31.55,31.55,31.55,-0.31595826
2014-08-27,32.5,32.5,32.5,32.5,3.0110955
2014-08-28,33.0,33.0,33.0,33.0,1.5384674
2014-08-29,32.75,32.75,32.75,32.75,-0.75757504
2014-09-02,32.65,32.65,32.65,32.65,-0.3053367
2014-09-03,32.65,32.65,32.65,32.65,0.0
2014-09-04,32.65,32.65,32.65,32.65,0.0
2014-09-05,32.75,32.75,32.75,32.75,0.3062725
2014-09-08,32.9,32.9,32.9,32.9,0.458014
2014-09-09,32.9,32.9,32.9,32.9,0.0
2014-09-10,32.9,32.9,32.9,32.9,0.0
2014-09-11,33.0,33.0,33.0,33.0,0.30394793
2014-09-12,33.4,33.4,33.4,33.4,1.21212
2014-09-15,34.0,34.0,34.0,34.0,1.7964005
2014-09-16,35.0,35.0,35.0,35.0,2.9411793
2014-09-17,36.0,36.0,36.0,36.0,2.8571486
2014-09-18,36.75,36.75,36.75,36.75,2.0833373
2014-09-19,36.65,36.65,36.65,36.65,-0.27210712
2014-09-22,36.5,36.5,36.5,36.5,-0.40928125
2014-09-23,36.65,36.65,36.65,36.65,0.4109621
2014-09-24,36.2,36.2,36.2,36.2,-1.2278318
2014-09-25,35.55,35.55,35.55,35.55,-1.795584
2014-09-26,35.5,35.5,35.5,35.5,-0.14064312
2014-09-29,35.3,35.3,35.3,35.3,-0.5633831
2014-09-30,35.3,35.3,35.3,35.3,0.0
2014-10-01,35.3,35.3,35.5,35.3,0.0
2014-10-02,35.75,36.0,36.0,36.0,1.2747884
2014-10-03,35.75,35.75,35.75,35.75,0.0
2014-10-06,35.75,35.75,35.75,35.75,0.0
2014-10-07,35.75,35.75,35.75,35.75,0.0
2014-10-08,35.9,35.9,35.9,35.9,0.41958094
2014-10-09,35.5,35.5,35.5,35.5,-1.1142075
2014-10-10,35.5,35.5,35.5,35.5,0.0
2014-10-13,35.65,35.65,35.65,35.65,0.42253733
2014-10-14,35.5,35.5,35.5,35.5,-0.4207611
2014-10-15,35.4,35.4,35.4,35.4,-0.2816856
2014-10-16,35.5,35.5,35.5,35.5,0.28247833
2014-10-17,35.75,35.75,35.75,35.75,0.7042289
2014-10-20,35.75,35.75,35.75,35.75,0.0
2014-10-21,35.75,35.75,35.75,35.75,0.0
2014-10-22,36.0,36.0,36.0,36.0,0.69930553
2014-10-23,36.0,36.0,36.0,36.0,0.0
2014-10-24,36.05,36.05,36.05,36.05,0.13889074
2014-10-27,36.4,36.4,36.4,36.4,0.9708762
2014-10-28,36.7,36.7,36.7,36.7,0.82417727
2014-10-29,37.0,37.0,37.0,37.0,0.81744194
2014-10-30,36.95,36.95,36.95,36.95,-0.13513565
2014-10-31,36.5,36.5,36.5,36.5,-1.217866
2014-11-03,36.75,36.75,36.75,36.75,0.6849289
2014-11-04,37.15,37.15,37.15,37.15,1.0884404
2014-11-05,37.6,37.6,37.6,37.6,1.2112975
2014-11-06,39.0,37.6,37.6,37.6,3.7234068
2014-11-07,41.0,41.0,41.0,41.0,5.128205
2014-11-10,42.0,42.0,42.0,42.0,2.439022
2014-11-11,41.9,41.9,41.9,41.9,-0.23809075
2014-11-12,42.0,42.0,42.0,42.0,0.238657
2014-11-13,43.0,43.0,43.0,43.0,2.3809552
2014-11-14,43.5,43.5,43.5,43.5,1.1627913
2014-11-17,44.0,44.0,44.0,44.0,1.1494279
2014-11-18,43.15,43.15,43.15,43.15,-1.9318163
2014-11-19,42.05,42.05,42.05,42.05,-2.549255
2014-11-20,41.5,41.5,41.5,41.5,-1.3079643
2014-11-21,38.25,38.25,38.25,38.25,-7.831323
2014-11-24,39.5,39.5,39.5,39.5,3.2679796
2014-11-25,40.5,40.5,40.5,40.5,2.5316477
2014-11-26,40.0,40.0,40.0,40.0,-1.2345672
2014-11-28,40.25,40.25,40.25,40.25,0.6250024
2014-12-01,38.75,38.75,38.75,38.75,-3.726709
2014-12-02,38.4,38.4,38.4,38.4,-0.903219
2014-12-03,38.25,38.25,38.25,38.25,-0.39063096
2014-12-04,38.25,38.25,38.25,38.25,0.0
2014-12-05,38.2,38.2,38.2,38.2,-0.13071895
2014-12-08,37.75,37.75,37.75,37.75,-1.1780143
2014-12-09,37.75,37.75,37.75,37.75,0.0
2014-12-10,37.75,37.75,37.75,37.75,0.0
2014-12-11,37.25,37.25,37.25,37.25,-1.3245046
2014-12-12,37.25,37.25,37.25,37.25,0.0
2014-12-15,37.25,37.25,37.25,37.25,0.0
2014-12-16,37.25,37.25,37.25,37.25,0.0
2014-12-17,36.75,36.75,36.75,36.75,-1.3422847
2014-12-18,36.75,36.75,36.75,36.75,0.0
2014-12-19,36.75,36.75,36.75,36.75,0.0
2014-12-22,36.55,36.55,36.55,36.55,-0.5442202
2014-12-23,36.45,36.45,36.45,36.45,-0.27359128
2014-12-24,36.3,36.3,36.3,36.3,-0.41152835
2014-12-26,36.45,36.45,36.45,36.45,0.41322708
2014-12-29,35.7,35.7,35.7,35.7,-2.057612
2014-12-30,35.5,35.5,35.5,35.5,-0.56022406
2014-12-31,35.25,35.25,35.25,35.25,-0.7042229
2015-01-02,35.25,35.25,35.25,35.25,0.0
2015-01-05,35.25,35.25,35.25,35.25,0.0
2015-01-06,35.25,35.25,35.25,35.25,0.0
2015-01-07,35.25,35.25,35.25,35.25,0.0
2015-01-08,35.25,35.25,35.25,35.25,0.0
2015-01-09,35.4,35.4,35.4,35.4,0.4255414
2015-01-12,35.45,35.45,35.45,35.45,0.14123917
2015-01-13,35.65,35.65,35.65,35.65,0.5641818
2015-01-14,35.75,35.75,35.75,35.75,0.28049946
2015-01-15,36.5,36.5,36.5,36.5,2.0979047
2015-01-16,36.5,36.5,36.5,36.5,0.0
2015-01-20,36.7,36.7,36.7,36.7,0.5479455
2015-01-21,36.65,36.65,36.65,36.65,-0.13623834
2015-01-22,36.75,36.75,36.75,36.75,0.27284622
2015-01-23,37.0,37.0,37.0,37.0,0.6802678
2015-01-26,37.15,37.15,37.15,37.15,0.40540695
2015-01-27,37.15,37.15,37.15,37.15,0.0
2015-01-28,37.3,37.3,37.3,37.3,0.40376186
2015-01-29,37.45,37.45,37.45,37.45,0.40215254
2015-01-30,37.25,37.25,37.25,37.25,-0.5340457
2015-02-02,37.45,37.45,37.45,37.45,0.53691864
2015-02-03,37.55,37.55,37.55,37.55,0.2670169
2015-02-04,38.0,38.0,38.0,38.0,1.1983991
2015-02-05,38.2,38.2,38.2,38.2,0.52632093
2015-02-06,38.2,38.2,38.2,38.2,0.0
2015-02-09,38.2,38.2,38.2,38.2,0.0
2015-02-10,38.2,38.2,38.2,38.2,0.0
2015-02-11,38.15,38.15,38.15,38.15,-0.13088584
2015-02-12,37.8,37.8,37.8,37.8,-0.9174347
2015-02-13,38.0,38.0,38.0,38.0,0.5290985
2015-02-17,38.45,38.45,38.45,38.45,1.1842132
2015-02-18,38.45,38.45,38.45,38.45,0.0
2015-02-19,38.45,38.45,38.45,38.45,0.0
2015-02-20,38.5,38.5,38.5,38.5,0.1300335
2015-02-23,38.55,38.55,38.55,38.55,0.1298666
2015-02-24,38.75,38.75,38.75,38.75,0.51881075
2015-02-25,38.75,38.75,38.75,38.75,0.0
2015-02-26,38.7,38.7,38.7,38.7,-0.12903214
2015-02-27,38.75,38.75,38.75,38.75,0.12919903
2015-03-02,39.0,39.0,39.0,39.0,0.6451607
2015-03-03,39.5,39.5,39.5,39.5,1.2820482
2015-03-04,39.65,39.65,39.65,39.65,0.3797531
2015-03-05,39.65,39.65,39.65,39.65,0.0
2015-03-06,39.65,39.65,39.65,39.65,0.0
2015-03-09,39.5,39.5,39.5,39.5,-0.37831664
2015-03-10,39.5,39.5,39.5,39.5,0.0
2015-03-11,39.4,39.4,39.4,39.4,-0.2531588
2015-03-12,39.4,39.4,39.4,39.4,0.0
2015-03-13,39.25,39.25,39.25,39.25,-0.38071275
2015-03-16,39.5,39.5,39.5,39.5,0.63694715
2015-03-17,39.45,39.45,39.45,39.45,-0.12658238
2015-03-18,39.75,39.75,39.75,39.75,0.7604599
2015-03-19,40.15,40.15,40.15,40.15,1.0062933
2015-03-20,39.25,39.25,39.25,39.25,-2.2415996
2015-03-23,39.5,39.5,39.5,39.5,0.63694715
2015-03-24,39.5,39.5,39.5,39.5,0.0
2015-03-25,39.5,39.5,39.5,39.5,0.0
2015-03-26,39.5,39.5,39.5,39.5,0.0
2015-03-27,39.5,39.5,39.5,39.5,0.0
2015-03-30,39.5,39.5,39.5,39.5,0.0
2015-03-31,39.5,39.5,39.5,39.5,0.0
2015-04-01,39.55,39.55,39.55,39.55,0.12657642
2015-04-02,39.45,39.45,39.45,39.45,-0.2528429
2015-04-03,39.45,39.45,39.45,39.45,0.0
2015-04-06,39.3,39.3,39.3,39.3,-0.38022995
2015-04-07,39.3,39.3,39.3,39.3,0.0
2015-04-08,39.3,39.3,39.3,39.3,0.0
2015-04-09,39.3,39.3,39.3,39.3,0.0
2015-04-10,39.25,39.25,39.25,39.25,-0.12722611
2015-04-13,39.15,39.15,39.15,39.15,-0.2547741
2015-04-14,39.0,39.0,39.0,39.0,-0.38314462
2015-04-15,39.0,39.0,39.0,39.0,0.0
2015-04-16,39.0,39.0,39.0,39.0,0.0
2015-04-17,38.9,38.9,38.9,38.9,-0.25640726
2015-04-20,38.9,38.9,38.9,38.9,0.0
2015-04-21,38.9,38.9,38.9,38.9,0.0
2015-04-22,38.9,38.9,38.9,38.9,0.0
2015-04-23,38.9,38.9,38.9,38.9,0.0
2015-04-24,38.6,38.6,38.6,38.6,-0.77121854
2015-04-27,38.2,38.2,38.2,38.2,-1.0362625
2015-04-28,38.05,38.05,38.05,38.05,-0.3926754
2015-04-29,37.9,37.9,37.9,37.9,-0.3942132
2015-04-30,37.0,37.0,37.0,37.0,-2.374673
2015-05-01,35.7,35.7,35.7,35.7,-3.513509
2015-05-04,35.7,35.7,35.7,35.7,0.0
2015-05-05,35.75,35.75,35.75,35.75,0.140059
2015-05-06,36.5,36.5,36.5,36.5,2.0979047
2015-05-07,36.8,36.8,36.8,36.8,0.8219123
2015-05-08,36.45,36.45,36.45,36.45,-0.9510815
2015-05-11,36.0,36.0,36.0,36.0,-1.2345672
2015-05-12,36.0,36.0,36.0,36.0,0.0
2015-05-13,36.0,36.0,36.0,36.0,0.0
2015-05-14,35.75,35.75,35.75,35.75,-0.6944418
2015-05-15,35.75,35.75,35.75,35.75,0.0
2015-05-18,35.75,35.75,35.75,35.75,0.0
2015-05-19,35.4,35.4,35.4,35.4,-0.9790182
2015-05-20,35.25,35.25,35.25,35.25,-0.42373538
2015-05-21,35.25,35.25,35.25,35.25,0.0
2015-05-22,35.25,35.25,35.25,35.25,0.0
2015-05-26,35.15,35.15,35.15,35.15,-0.28368235
2015-05-27,35.0,35.0,35.0,35.0,-0.4267454
2015-05-28,35.0,35.0,35.0,35.0,0.0
2015-05-29,35.1,35.1,35.1,35.1,0.2857089
2015-06-01,35.4,35.4,35.4,35.4,0.85470676
2015-06-02,35.65,35.65,35.65,35.65,0.7062197
2015-06-03,35.65,35.65,35.65,35.65,0.0
2015-06-04,35.9,35.9,35.9,35.9,0.70126057
2015-06-05,35.9,35.9,35.9,35.9,0.0
2015-06-08,35.9,35.9,35.9,35.9,0.0
2015-06-09,36.0,36.0,36.0,36.0,0.27854443
2015-06-10,36.0,36.0,36.0,36.0,0.0
2015-06-11,36.25,36.25,36.25,36.25,0.6944418
2015-06-12,36.25,36.25,36.25,36.25,0.0
2015-06-15,36.5,36.5,36.5,36.5,0.6896496
2015-06-16,36.5,36.5,36.5,36.5,0.0
2015-06-17,36.75,36.75,36.75,36.75,0.6849289
2015-06-18,36.75,36.75,36.75,36.75,0.0
2015-06-19,36.75,36.75,36.75,36.75,0.0
2015-06-22,36.75,36.75,36.75,36.75,0.0
2015-06-23,36.75,36.75,36.75,36.75,0.0
2015-06-24,36.75,36.75,36.75,36.75,0.0
2015-06-25,36.75,36.75,36.75,36.75,0.0
2015-06-26,36.75,36.75,36.75,36.75,0.0
2015-06-29,36.75,36.75,36.75,36.75,0.0
2015-06-30,35.75,35.75,35.75,35.75,-2.7210891
2015-07-01,36.25,36.25,36.25,36.25,1.3985991
2015-07-02,36.4,36.4,36.4,36.4,0.4137993
2015-07-06,36.4,36.4,36.4,36.4,0.0
2015-07-07,36.4,36.4,36.4,36.4,0.0
2015-07-08,36.4,36.4,36.4,36.4,0.0
2015-07-09,36.3,36.3,36.3,36.3,-0.27472973
2015-07-10,36.3,36.3,36.3,36.3,0.0
2015-07-13,36.3,36.3,36.3,36.3,0.0
2015-07-14,36.3,36.3,36.3,36.3,0.0
2015-07-15,36.3,36.3,36.3,36.3,0.0
2015-07-16,36.25,36.25,36.25,36.25,-0.13774037
2015-07-17,36.4,36.4,36.4,36.4,0.4137993
2015-07-20,36.4,36.4,36.4,36.4,0.0
2015-07-21,36.4,36.4,36.4,36.4,0.0
2015-07-22,36.4,36.4,36.4,36.4,0.0
2015-07-23,36.25,36.25,36.25,36.25,-0.4120946
2015-07-24,36.2,36.2,36.2,36.2,-0.13793111
2015-07-27,36.15,36.15,36.15,36.15,-0.13812184
2015-07-28,36.05,36.05,36.05,36.05,-0.27663112
2015-07-29,36.05,36.05,36.05,36.05,0.0
2015-07-30,36.05,36.05,36.05,36.05,0.0
2015-07-31,35.3,35.3,35.3,35.3,-2.0804465
2015-08-03,35.25,35.25,35.25,35.25,-0.14163852
2015-08-04,35.25,35.25,35.25,35.25,0.0
2015-08-05,35.25,35.25,35.25,35.25,0.0
2015-08-06,35.25,35.25,35.25,35.25,0.0
2015-08-07,35.25,35.25,35.25,35.25,0.0
2015-08-10,35.25,35.25,35.25,35.25,0.0
2015-08-11,36.2,36.2,36.2,36.2,2.695036
2015-08-12,36.4,36.4,36.4,36.4,0.5524874
2015-08-13,36.4,36.4,36.4,36.4,0.0
2015-08-14,36.4,36.4,36.4,36.4,0.0
2015-08-17,36.4,36.4,36.4,36.4,0.0
2015-08-18,36.4,36.4,36.4,36.4,0.0
2015-08-19,36.4,36.4,36.4,36.4,0.0
2015-08-20,36.4,36.4,36.4,36.4,0.0
2015-08-21,36.55,36.55,36.55,36.55,0.41208267
2015-08-24,36.7,36.7,36.7,36.7,0.41040182
2015-08-25,36.75,36.75,36.75,36.75,0.13623238
2015-08-26,36.9,36.9,36.9,36.9,0.4081726
2015-08-27,36.9,36.9,36.9,36.9,0.0
2015-08-28,36.9,36.9,36.9,36.9,0.0
2015-08-31,36.9,36.9,36.9,36.9,0.0
2015-09-01,36.95,36.95,36.95,36.95,0.1355052
2015-09-02,36.95,36.95,36.95,36.95,0.0
2015-09-03,36.95,36.95,36.95,36.95,0.0
2015-09-04,37.25,37.25,37.25,37.25,0.8119106
2015-09-08,37.25,37.25,37.25,37.25,0.0
2015-09-09,37.25,37.25,37.25,37.25,0.0
2015-09-10,37.3,37.3,37.3,37.3,0.13422966
2015-09-11,37.3,37.3,37.3,37.3,0.0
2015-09-14,37.3,37.3,37.3,37.3,0.0
2015-09-15,37.25,37.25,37.25,37.25,-0.13404489
2015-09-16,37.3,37.3,37.3,37.3,0.13422966
2015-09-17,37.3,37.3,37.3,37.3,0.0
2015-09-18,37.3,37.3,37.3,37.3,0.0
2015-09-21,37.3,37.3,37.3,37.3,0.0
2015-09-22,37.3,37.3,37.3,37.3,0.0
2015-09-23,37.3,37.3,37.3,37.3,0.0
2015-09-24,37.25,37.25,37.25,37.25,-0.13404489
2015-09-25,37.0,37.0,37.0,37.0,-0.67114234
2015-09-28,36.75,36.75,36.75,36.75,-0.67567825
2015-09-29,36.65,36.65,36.65,36.65,-0.27210712
2015-09-30,36.65,36.65,36.65,36.65,0.0
2015-10-01,36.5,36.5,36.5,36.5,-0.40928125
2015-10-02,36.8,36.8,36.8,36.8,0.8219123
2015-10-05,37.0,37.0,37.0,37.0,0.54347515
2015-10-06,37.0,37.0,37.0,37.0,0.0
2015-10-07,37.05,37.05,37.05,37.05,0.13513565
2015-10-08,37.3,37.3,37.3,37.3,0.67476034
2015-10-09,37.5,37.5,37.5,37.5,0.53619146
2015-10-12,38.0,38.0,38.0,38.0,1.3333321
2015-10-13,37.9,37.9,37.9,37.9,-0.2631545
2015-10-14,37.9,37.9,37.9,37.9,0.0
2015-10-15,37.8,37.8,37.8,37.8,-0.26385784
2015-10-16,37.75,37.75,37.75,37.75,-0.13227463
2015-10-19,37.65,37.65,37.65,37.65,-0.26489496
2015-10-20,37.65,37.65,37.65,37.65,0.0
2015-10-21,37.6,37.6,37.6,37.6,-0.13281107
2015-10-22,37.0,37.0,37.0,37.0,-1.5957415
2015-10-23,36.75,36.75,36.75,36.75,-0.67567825
2015-10-26,36.5,36.5,36.5,36.5,-0.6802738
2015-10-27,36.15,36.15,36.15,36.15,-0.95890164
2015-10-28,35.7,35.7,35.7,35.7,-1.2448132
2015-10-29,35.5,35.5,35.5,35.5,-0.56022406
2015-10-30,35.4,35.4,35.4,35.4,-0.2816856
2015-11-02,35.75,35.75,35.75,35.75,0.988698
2015-11-03,36.0,36.0,36.0,36.0,0.69930553
2015-11-04,36.0,36.0,36.0,36.0,0.0
2015-11-05,36.0,36.0,36.0,36.0,0.0
2015-11-06,36.0,36.0,36.0,36.0,0.0
2015-11-09,36.0,36.0,36.0,36.0,0.0
2015-11-10,36.0,36.0,36.0,36.0,0.0
2015-11-11,36.0,36.0,36.0,36.0,0.0
2015-11-12,36.0,36.0,36.0,36.0,0.0
2015-11-13,36.0,36.0,36.0,36.0,0.0
2015-11-16,36.0,36.0,36.0,36.0,0.0
2015-11-17,36.0,36.0,36.0,36.0,0.0
2015-11-18,36.1,36.1,36.1,36.1,0.27776957
2015-11-19,36.1,36.1,36.1,36.1,0.0
2015-11-20,36.1,36.1,36.1,36.1,0.0
2015-11-23,36.1,36.1,36.1,36.1,0.0
2015-11-24,36.1,36.1,36.1,36.1,0.0
2015-11-25,36.1,36.1,36.1,36.1,0.0
2015-11-27,36.1,36.1,36.1,36.1,0.0
2015-11-30,36.1,36.1,36.1,36.1,0.0
2015-12-01,36.1,36.1,36.1,36.1,0.0
2015-12-02,36.1,36.1,36.1,36.1,0.0
2015-12-03,36.1,36.1,36.1,36.1,0.0
2015-12-04,36.1,36.1,36.1,36.1,0.0
2015-12-07,36.1,36.1,36.1,36.1,0.0
2015-12-08,36.05,36.05,36.05,36.05,-0.13850331
2015-12-09,36.15,36.15,36.15,36.15,0.27740002
2015-12-10,36.15,36.15,36.15,36.15,0.0
2015-12-11,36.15,36.15,36.15,36.15,0.0
2015-12-14,36.15,36.15,36.15,36.15,0.0
2015-12-15,35.9,35.9,35.9,35.9,-0.6915629
2015-12-16,35.25,35.25,35.25,35.25,-1.8105865
2015-12-17,35.25,35.25,35.25,35.25,0.0
2015-12-18,34.15,34.15,34.15,34.15,-3.1205654
2015-12-21,33.55,33.55,33.55,33.55,-1.7569602
2015-12-22,33.75,33.75,33.75,33.75,0.5961299
2015-12-23,34.25,34.25,34.25,34.25,1.4814854
2015-12-24,34.3,34.3,34.3,34.3,0.1459837
2015-12-28,34.3,34.3,34.3,34.3,0.0
2015-12-29,34.5,34.5,34.5,34.5,0.5830884
2015-12-30,34.45,34.45,34.45,34.45,-0.14492273
2015-12-31,34.45,34.45,34.45,34.45,0.0
2016-01-04,34.45,34.45,34.45,34.45,0.0
2016-01-05,35.05,35.05,35.05,35.05,1.7416477
2016-01-06,35.0,35.0,35.0,35.0,-0.1426518
2016-01-07,34.5,34.5,34.5,34.5,-1.4285743
2016-01-08,34.65,34.65,34.65,34.65,0.43479204
2016-01-11,34.65,34.65,34.65,34.65,0.0
2016-01-12,34.65,34.65,34.65,34.65,0.0
2016-01-13,34.75,34.75,34.75,34.75,0.28859377
2016-01-14,34.8,34.8,34.8,34.8,0.14388561
2016-01-15,34.8,34.8,34.8,34.8,0.0
2016-01-19,34.85,34.85,34.85,34.85,0.14367104
2016-01-20,34.8,34.8,34.8,34.8,-0.14346838
2016-01-21,34.8,34.8,34.8,34.8,0.0
2016-01-22,34.75,34.75,34.75,34.75,-0.143677
2016-01-25,34.9,34.9,34.9,34.9,0.43165684
2016-01-26,34.75,34.75,34.75,34.75,-0.42980313
2016-01-27,34.75,34.75,34.75,34.75,0.0
2016-01-28,34.75,34.75,34.75,34.75,0.0
2016-01-29,34.7,34.7,34.7,34.7,-0.14388561
2016-02-01,34.65,34.65,34.65,34.65,-0.14408827
2016-02-02,34.6,34.6,34.6,34.6,-0.1443088
2016-02-03,34.5,34.5,34.5,34.5,-0.289011
2016-02-04,34.5,34.5,34.5,34.5,0.0
2016-02-05,34.4,34.4,34.4,34.4,-0.28985143
2016-02-08,34.2,34.2,34.2,34.2,-0.5813956
2016-02-09,34.2,34.2,34.2,34.2,0.0
2016-02-10,34.15,34.15,34.15,34.15,-0.14619827
2016-02-11,34.15,34.15,34.15,34.15,0.0
2016-02-12,34.15,34.15,34.15,34.15,0.0
2016-02-16,34.0,34.0,34.0,34.0,-0.4392445
2016-02-17,34.0,34.0,34.0,34.0,0.0
2016-02-18,33.5,33.5,33.5,33.5,-1.4705896
2016-02-19,33.5,33.5,33.5,33.5,0.0
2016-02-22,33.4,33.4,33.4,33.4,-0.29850006
2016-02-23,33.4,33.4,33.4,33.4,0.0
2016-02-24,33.0,33.0,33.0,33.0,-1.1976063
2016-02-25,32.55,32.55,32.55,32.55,-1.363641
2016-02-26,32.0,32.0,32.0,32.0,-1.6897082
2016-02-29,32.15,32.15,32.15,32.15,0.46875477
2016-03-01,32.2,32.2,32.2,32.2,0.15552044
2016-03-02,32.15,32.15,32.15,32.15,-0.15527606
2016-03-03,31.9,31.9,31.9,31.9,-0.77760816
2016-03-04,31.4,31.4,31.4,31.4,-1.5673995
2016-03-07,31.2,31.2,31.2,31.2,-0.6369412
2016-03-08,30.65,30.65,30.65,30.65,-1.7628253
2016-03-09,29.7,29.7,29.7,29.7,-3.099507
2016-03-10,28.9,28.9,28.9,28.9,-2.6936054
2016-03-11,28.7,28.7,28.7,28.7,-0.6920397
2016-03-14,28.65,28.65,28.65,28.65,-0.17421842
2016-03-15,29.15,29.15,29.15,29.15,1.7452002
2016-03-16,29.5,29.5,29.5,29.5,1.2006879
2016-03-17,29.75,29.75,29.75,29.75,0.84745884
2016-03-18,29.75,29.75,29.75,29.75,0.0
2016-03-21,29.65,29.65,29.65,29.65,-0.33613443
2016-03-22,29.7,29.7,29.7,29.7,0.16863346
2016-03-23,29.5,29.5,29.5,29.5,-0.67340136
2016-03-24,29.5,29.5,29.5,29.5,0.0
2016-03-28,29.2,29.2,29.2,29.2,-1.0169446
2016-03-29,29.05,29.05,29.05,29.05,-0.51370263
2016-03-30,28.45,28.45,28.45,28.45,-2.0653963
2016-03-31,28.15,28.15,28.15,28.15,-1.0544837
2016-04-01,27.9,27.9,27.9,27.9,-0.8880973
2016-04-04,27.95,27.95,27.95,27.95,0.17921925
2016-04-05,28.2,28.2,28.2,28.2,0.89445114
2016-04-06,28.4,28.4,28.4,28.4,0.7092118
2016-04-07,28.5,28.5,28.5,28.5,0.35210848
2016-04-08,28.5,28.5,28.5,28.5,0.0
2016-04-11,28.55,28.55,28.55,28.55,0.17544031
2016-04-12,28.25,28.25,28.25,28.25,-1.0507882
2016-04-13,27.8,27.8,27.8,27.8,-1.5929222
2016-04-14,27.25,27.25,27.25,27.25,-1.9784153
2016-04-15,26.0,26.0,26.0,26.0,-4.5871553
2016-04-18,27.0,27.0,27.0,27.0,3.8461566
2016-04-19,27.5,27.5,27.5,27.5,1.8518567
2016-04-20,27.5,27.5,27.5,27.5,0.0
2016-04-21,26.95,26.95,26.95,26.95,-1.9999981
2016-04-22,28.0,28.0,28.0,28.0,3.8961053
2016-04-25,27.55,27.55,27.55,27.55,-1.6071439
2016-04-26,27.65,27.65,27.65,27.65,0.36298037
2016-04-27,27.65,27.65,27.65,27.65,0.0
2016-04-28,27.4,27.4,27.4,27.4,-0.90416074
2016-04-29,27.65,27.65,27.65,27.65,0.91240406
2016-05-02,27.65,27.65,27.65,27.65,0.0
2016-05-03,27.65,27.65,27.65,27.65,0.0
2016-05-04,27.65,27.65,27.65,27.65,0.0
2016-05-05,27.55,27.55,27.55,27.55,-0.3616631
2016-05-06,27.6,27.6,27.6,27.6,0.18149614
2016-05-09,27.65,27.65,27.65,27.65,0.18116236
2016-05-10,27.75,27.75,27.75,27.75,0.36166906
2016-05-11,27.75,27.75,27.75,27.75,0.0
2016-05-12,27.75,27.75,27.75,27.75,0.0
2016-05-13,28.05,28.05,28.05,28.05,1.0810733
2016-05-16,28.35,28.35,28.35,28.35,1.0695219
2016-05-17,28.7,28.7,28.7,28.7,1.2345672
2016-05-18,28.75,28.75,28.75,28.75,0.17421246
2016-05-19,28.65,28.65,28.65,28.65,-0.34782887
2016-05-20,28.65,28.65,28.65,28.65,0.0
2016-05-23,28.5,28.5,28.5,28.5,-0.52356124
2016-05-24,28.2,28.2,28.2,28.2,-1.05263
2016-05-25,28.25,28.25,28.25,28.25,0.17729998
2016-05-26,27.25,27.25,27.25,27.25,-3.5398245
2016-05-27,27.25,27.25,27.25,27.25,0.0
2016-05-31,27.25,27.25,27.25,27.25,0.0
2016-06-01,27.3,27.3,27.3,27.3,0.18348694
2016-06-02,28.0,28.0,28.0,28.0,2.5641084
2016-06-03,28.3,28.3,28.3,28.3,1.0714293
2016-06-06,28.25,28.25,28.25,28.25,-0.17667413
2016-06-07,28.25,28.25,28.25,28.25,0.0
2016-06-08,28.25,28.25,28.25,28.25,0.0
2016-06-09,28.25,28.25,28.25,28.25,0.0
2016-06-10,28.25,28.25,28.25,28.25,0.0
2016-06-13,28.05,28.05,28.05,28.05,-0.7079661
2016-06-14,28.0,28.0,28.0,28.0,-0.17824769
2016-06-15,27.55,27.55,27.55,27.55,-1.6071439
2016-06-16,26.9,26.9,26.9,26.9,-2.3593426
2016-06-17,26.0,26.0,26.0,26.0,-3.345722
2016-06-20,26.0,26.0,26.0,26.0,0.0
2016-06-21,26.4,26.4,26.4,26.4,1.5384555
2016-06-22,26.5,26.5,26.5,26.5,0.37878752
2016-06-23,26.5,26.5,26.5,26.5,0.0
2016-06-24,27.25,27.25,27.25,27.25,2.8301835
2016-06-27,27.0,27.0,27.0,27.0,-0.91742873
2016-06-28,26.65,26.65,26.65,26.65,-1.2962997
2016-06-29,26.5,26.5,26.5,26.5,-0.5628526
2016-06-30,26.4,26.4,26.4,26.4,-0.377357
2016-07-01,26.5,26.5,26.5,26.5,0.37878752
2016-07-05,26.45,26.45,26.45,26.45,-0.1886785
2016-07-06,26.45,26.45,26.45,26.45,0.0
2016-07-07,26.5,26.5,26.5,26.5,0.18903017
2016-07-08,26.5,26.5,26.5,26.5,0.0
2016-07-11,26.45,26.45,26.45,26.45,-0.1886785
2016-07-12,26.45,26.45,26.45,26.45,0.0
2016-07-13,26.2,26.2,26.2,26.2,-0.94518065
2016-07-14,26.0,26.0,26.0,26.0,-0.76336265
2016-07-15,25.9,25.9,25.9,25.9,-0.38461685
2016-07-18,25.05,25.05,25.05,25.05,-3.2818556
2016-07-19,25.4,25.4,25.4,25.4,1.3972044
2016-07-20,25.5,25.5,25.5,25.5,0.3937006
2016-07-21,25.5,25.5,25.5,25.5,0.0
2016-07-22,25.5,25.5,25.5,25.5,0.0
2016-07-25,25.2,25.2,25.2,25.2,-1.1764705
2016-07-26,25.65,25.65,25.65,25.65,1.7857075
2016-07-27,26.25,26.25,26.25,26.25,2.3391843
2016-07-28,26.75,26.75,26.75,26.75,1.9047618
2016-07-29,26.0,26.0,26.0,26.0,-2.803737
2016-08-01,26.25,26.25,26.25,26.25,0.9615421
2016-08-02,26.65,26.65,26.65,26.65,1.5238047
2016-08-03,26.7,26.7,26.7,26.7,0.1876235
2016-08-04,26.45,26.45,26.45,26.45,-0.93632936
2016-08-05,26.25,26.25,26.25,26.25,-0.7561445
2016-08-08,26.2,26.2,26.2,26.2,-0.1904726
2016-08-09,25.8,25.8,25.8,25.8,-1.5267253
2016-08-10,25.8,25.8,25.8,25.8,0.0
2016-08-11,26.0,26.0,26.0,26.0,0.77519417
2016-08-12,26.0,26.0,26.0,26.0,0.0
2016-08-15,26.0,26.0,26.0,26.0,0.0
2016-08-16,26.0,26.0,26.0,26.0,0.0
2016-08-17,26.05,26.05,26.05,26.05,0.19230843
2016-08-18,26.05,26.05,26.05,26.05,0.0
2016-08-19,25.75,25.75,25.75,25.75,-1.1516273
2016-08-22,25.75,25.75,25.75,25.75,0.0
2016-08-23,25.9,25.9,25.9,25.9,0.5825281
2016-08-24,25.9,25.9,25.9,25.9,0.0
2016-08-25,25.95,25.95,25.95,25.95,0.19305944
2016-08-26,25.95,25.95,25.95,25.95,0.0
2016-08-29,25.4,25.4,25.4,25.4,-2.1194637
2016-08-30,25.25,25.25,25.25,25.25,-0.5905509
2016-08-31,25.25,25.25,25.25,25.25,0.0
2016-09-01,25.65,25.65,25.65,25.65,1.5841603
2016-09-02,25.65,25.65,25.65,25.65,0.0
2016-09-06,25.65,25.65,25.65,25.65,0.0
2016-09-07,25.65,25.65,25.65,25.65,0.0
2016-09-08,25.65,25.65,25.65,25.65,0.0
2016-09-09,25.4,25.4,25.4,25.4,-0.9746611
2016-09-12,25.4,25.4,25.4,25.4,0.0
2016-09-13,25.4,25.4,25.4,25.4,0.0
2016-09-14,25.4,25.4,25.4,25.4,0.0
2016-09-15,25.25,25.25,25.25,25.25,-0.5905509
2016-09-16,25.25,25.25,25.25,25.25,0.0
2016-09-19,24.9,24.9,24.9,24.9,-1.3861418
2016-09-20,24.9,24.9,24.9,24.9,0.0
2016-09-21,24.75,24.75,24.75,24.75,-0.60240626
2016-09-22,24.4,24.4,24.4,24.4,-1.414144
2016-09-23,24.4,24.4,24.4,24.4,0.0
2016-09-26,23.25,23.25,23.25,23.25,-4.713112
2016-09-27,23.5,23.5,23.5,23.5,1.0752678
2016-09-28,23.5,23.5,23.5,23.5,0.0
2016-09-29,23.0,23.0,23.0,23.0,-2.1276593
2016-09-30,22.4,22.4,22.4,22.4,-2.6086986
2016-10-03,22.4,22.4,22.4,22.4,0.0
2016-10-04,22.65,22.65,22.65,22.65,1.1160731
2016-10-05,22.75,22.75,22.75,22.75,0.44150352
2016-10-06,22.75,22.75,22.75,22.75,0.0
2016-10-07,22.75,22.75,22.75,22.75,0.0
2016-10-10,22.75,22.75,22.75,22.75,0.0
2016-10-11,22.75,22.75,22.75,22.75,0.0
2016-10-12,22.5,22.5,22.5,22.5,-1.098901
2016-10-13,22.0,22.0,22.0,22.0,-2.222222
2016-10-14,21.9,21.9,21.9,21.9,-0.45454502
2016-10-17,21.65,21.65,21.65,21.65,-1.1415541
2016-10-18,20.9,20.9,20.9,20.9,-3.464204
2016-10-19,20.5,20.5,20.5,20.5,-1.9138753
2016-10-20,20.5,20.5,20.5,20.5,0.0
2016-10-21,20.0,20.0,20.0,20.0,-2.439022
2016-10-24,20.0,20.0,20.0,20.0,0.0
2016-10-25,20.0,20.0,20.0,20.0,0.0
2016-10-26,19.7,19.7,19.7,19.7,-1.4999986
2016-10-27,19.7,19.7,19.7,19.7,0.0
2016-10-28,19.65,19.65,19.65,19.65,-0.25381446
2016-10-31,18.75,18.75,18.75,18.75,-4.580152
2016-11-01,18.9,18.9,18.9,18.9,0.8000016
2016-11-02,18.75,18.75,18.75,18.75,-0.79364777
2016-11-03,18.75,18.75,18.75,18.75,0.0
2016-11-04,18.75,18.75,18.75,18.75,0.0
2016-11-07,18.75,18.75,18.75,18.75,0.0
2016-11-08,18.75,18.75,18.75,18.75,0.0
2016-11-09,18.5,18.5,18.5,18.5,-1.3333321
2016-11-10,18.25,18.25,18.25,18.25,-1.3513505
2016-11-11,18.45,18.45,18.45,18.45,1.095891
2016-11-14,18.65,18.65,18.65,18.65,1.0840058
2016-11-15,18.65,18.65,18.65,18.65,0.0
2016-11-16,18.65,18.65,18.65,18.65,0.0
2016-11-17,18.5,18.5,18.5,18.5,-0.8042872
2016-11-18,18.5,18.5,18.5,18.5,0.0
2016-11-21,18.5,18.5,18.5,18.5,0.0
2016-11-22,18.5,18.5,18.5,18.5,0.0
2016-11-23,18.5,18.5,18.5,18.5,0.0
2016-11-25,18.5,18.5,18.5,18.5,0.0
2016-11-28,18.5,18.5,18.5,18.5,0.0
2016-11-29,18.15,18.15,18.15,18.15,-1.8918931
2016-11-30,17.75,17.75,17.75,17.75,-2.203852
2016-12-01,18.0,18.0,18.0,18.0,1.4084458
2016-12-02,18.0,18.0,18.0,18.0,0.0
2016-12-05,18.0,18.0,18.0,18.0,0.0
2016-12-06,18.0,18.0,18.0,18.0,0.0
2016-12-07,18.0,18.0,18.0,18.0,0.0
2016-12-08,18.25,18.25,18.25,18.25,1.3888836
2016-12-09,18.4,18.4,18.4,18.4,0.8219123
2016-12-12,18.4,18.4,18.4,18.4,0.0
2016-12-13,19.25,19.25,19.25,19.25,4.6195626
2016-12-14,22.0,22.0,22.0,22.0,14.285719
2016-12-15,22.0,22.0,22.0,22.0,0.0
2016-12-16,20.4,20.4,20.4,20.4,-7.272726
2016-12-19,20.4,20.4,20.4,20.4,0.0
2016-12-20,20.4,20.4,20.4,20.4,0.0
2016-12-21,20.4,20.4,20.4,20.4,0.0
2016-12-22,20.4,20.4,20.4,20.4,0.0
2016-12-23,20.4,20.4,20.4,20.4,0.0
2016-12-27,20.4,20.4,20.4,20.4,0.0
2016-12-28,20.4,20.4,20.4,20.4,0.0
2016-12-29,20.4,20.4,20.4,20.4,0.0
2016-12-30,20.4,20.4,20.4,20.4,0.0
2017-01-03,20.5,20.5,20.5,20.5,0.49020052
2017-01-04,21.65,21.65,21.65,21.65,5.6097507
2017-01-05,21.65,21.65,21.65,21.65,0.0
2017-01-06,21.9,21.9,21.9,21.9,1.1547327
2017-01-09,22.0,22.0,22.0,22.0,0.45661926
2017-01-10,24.25,24.25,24.25,24.25,10.227275
2017-01-11,23.0,23.0,23.0,23.0,-5.1546392
2017-01-12,23.0,23.0,23.0,23.0,0.0
2017-01-13,23.0,23.0,23.0,23.0,0.0
2017-01-17,22.9,22.9,22.9,22.9,-0.43478608
2017-01-18,22.75,22.75,22.75,22.75,-0.6550193
2017-01-19,22.75,22.75,22.75,22.75,0.0
2017-01-20,22.9,22.9,22.9,22.9,0.65933466
2017-01-23,22.9,22.9,22.9,22.9,0.0
2017-01-24,22.9,22.9,22.9,22.9,0.0
2017-01-25,23.25,23.25,23.25,23.25,1.5283823
2017-01-26,23.25,23.25,23.25,23.25,0.0
2017-01-27,23.5,23.5,23.5,23.5,1.0752678
2017-01-30,24.5,24.5,24.5,24.5,4.2553186
2017-01-31,24.65,24.65,24.65,24.65,0.612247
2017-02-01,25.0,25.0,25.0,25.0,1.419878
2017-02-02,25.25,25.25,25.25,25.25,0.99999905
2017-02-03,25.75,25.75,25.75,25.75,1.9801974
2017-02-06,26.15,26.15,26.15,26.15,1.5533924
2017-02-07,26.15,26.15,26.15,26.15,0.0
2017-02-08,26.5,26.5,26.5,26.5,1.3384342
2017-02-09,26.65,26.65,26.65,26.65,0.56604147
2017-02-10,26.75,26.75,26.75,26.75,0.37523508
2017-02-13,26.75,26.75,26.75,26.75,0.0
2017-02-14,25.9,25.9,25.9,25.9,-3.1775713
2017-02-15,25.9,25.9,25.9,25.9,0.0
2017-02-16,25.0,25.0,25.0,25.0,-3.474903
2017-02-17,25.0,25.0,25.0,25.0,0.0
2017-02-21,24.75,24.75,24.75,24.75,-0.99999905
2017-02-22,24.15,24.15,24.15,24.15,-2.424246
2017-02-23,24.0,24.0,24.0,24.0,-0.62111616
2017-02-24,22.75,22.75,22.75,22.75,-5.208331
2017-02-27,22.5,22.5,22.5,22.5,-1.098901
2017-02-28,23.0,23.0,23.0,23.0,2.222228
2017-03-01,24.5,24.5,24.5,24.5,6.5217376
2017-03-02,24.65,24.65,24.65,24.65,0.612247
2017-03-03,25.5,25.5,25.5,25.5,3.4482718
2017-03-06,25.75,25.75,25.75,25.75,0.9803891
2017-03-07,26.25,26.25,26.25,26.25,1.9417524
2017-03-08,25.65,25.65,25.65,25.65,-2.285713
2017-03-09,25.25,25.25,25.25,25.25,-1.5594542
2017-03-10,24.5,24.5,24.5,24.5,-2.9702961
2017-03-13,24.5,24.5,24.5,24.5,0.0
2017-03-14,25.0,25.0,25.0,25.0,2.0408154
2017-03-15,25.25,25.25,25.25,25.25,0.99999905
2017-03-16,25.45,25.45,25.45,25.45,0.7920861
2017-03-17,25.4,25.4,25.4,25.4,-0.19646883
2017-03-20,25.4,25.4,25.4,25.4,0.0
2017-03-21,25.4,25.4,25.4,25.4,0.0
2017-03-22,25.4,25.4,25.4,25.4,0.0
2017-03-23,25.15,25.15,25.15,25.15,-0.9842515
2017-03-24,24.65,24.65,24.65,24.65,-1.9880712
2017-03-27,24.65,24.65,24.65,24.65,0.0
2017-03-28,24.5,24.5,24.5,24.5,-0.60851574
2017-03-29,24.4,24.4,24.4,24.4,-0.40816665
2017-03-30,24.15,24.15,24.15,24.15,-1.0245919
2017-03-31,23.25,23.25,23.25,23.25,-3.726709
2017-04-03,23.5,23.5,23.5,23.5,1.0752678
2017-04-04,23.5,23.5,23.5,23.5,0.0
2017-04-05,23.5,23.5,23.5,23.5,0.0
2017-04-06,23.5,23.5,23.5,23.5,0.0
2017-04-07,23.5,23.5,23.5,23.5,0.0
2017-04-10,23.55,23.55,23.55,23.55,0.21276474
2017-04-11,23.55,23.55,23.55,23.55,0.0
2017-04-12,23.5,23.5,23.5,23.5,-0.21231174
2017-04-13,23.5,23.5,23.5,23.5,0.0
2017-04-17,23.5,23.5,23.5,23.5,0.0
2017-04-18,23.25,23.25,23.25,23.25,-1.0638297
2017-04-19,23.0,23.0,23.0,23.0,-1.0752678
2017-04-20,23.0,23.0,23.0,23.0,0.0
2017-04-21,22.9,22.9,22.9,22.9,-0.43478608
2017-04-24,22.75,22.75,22.75,22.75,-0.6550193
2017-04-25,22.75,22.75,22.75,22.75,0.0
2017-04-26,22.75,21.5,24.3,24.3,0.0
2017-04-27,22.75,22.75,22.75,22.75,0.0
2017-04-28,22.75,21.5,24.3,24.3,0.0
2017-05-01,22.65,22.65,22.65,22.65,-0.4395604
2017-05-02,22.65,22.65,22.65,22.65,0.0
2017-05-03,22.65,22.65,22.65,22.65,0.0
2017-05-04,22.65,22.65,22.65,22.65,0.0
2017-05-05,22.75,22.75,22.75,22.75,0.44150352
2017-05-08,22.65,22.65,22.65,22.65,-0.4395604
2017-05-09,22.5,22.5,22.5,22.5,-0.6622493
2017-05-10,22.5,21.5,24.3,24.3,0.0
2017-05-11,22.65,21.5,24.3,24.3,0.66666603
2017-05-12,22.65,22.65,22.65,22.65,0.0
2017-05-15,21.5,21.5,24.3,24.3,-5.077261
2017-05-16,21.65,21.5,24.3,24.3,0.69767237
2017-05-17,21.75,21.75,21.75,21.75,0.46190023
2017-05-18,21.75,21.75,21.75,21.75,0.0
2017-05-19,21.75,21.75,21.75,21.75,0.0
2017-05-22,21.75,21.75,21.75,21.75,0.0
2017-05-23,20.25,20.25,20.25,20.25,-6.896549
2017-05-24,20.0,21.5,24.3,24.3,-1.2345672
2017-05-25,20.0,20.0,20.0,20.0,0.0
2017-05-26,19.5,21.5,24.3,24.3,-2.4999976
2017-05-30,19.75,19.75,19.75,19.75,1.2820482
2017-05-31,19.75,19.75,19.75,19.75,0.0
2017-06-01,19.5,19.5,19.5,19.5,-1.2658238
2017-06-02,19.5,19.5,19.5,19.5,0.0
2017-06-05,19.15,19.15,19.15,19.15,-1.7948747
2017-06-06,19.15,19.15,19.15,19.15,0.0
2017-06-07,19.65,19.65,19.65,19.65,2.6109695
2017-06-08,19.65,19.65,19.65,19.65,0.0
2017-06-09,19.65,19.65,19.65,19.65,0.0
2017-06-12,20.0,20.0,20.0,20.0,1.7811775
2017-06-13,20.0,20.0,20.0,20.0,0.0
2017-06-14,20.0,20.0,20.0,20.0,0.0
2017-06-15,20.0,20.0,20.0,20.0,0.0
2017-06-16,20.0,20.0,20.0,20.0,0.0
2017-06-19,20.0,20.0,20.0,20.0,0.0
2017-06-20,20.0,20.0,20.0,20.0,0.0
2017-06-21,20.05,20.05,20.05,20.05,0.2499938
2017-06-22,20.05,20.05,20.05,20.05,0.0
2017-06-23,20.15,20.15,20.15,20.15,0.49875975
2017-06-26,20.1,20.1,20.1,20.1,-0.24813414
2017-06-27,20.25,20.25,20.25,20.25,0.7462621
2017-06-28,20.45,20.45,20.45,20.45,0.9876609
2017-06-29,20.5,20.5,20.5,20.5,0.24449825
2017-06-30,20.5,20.5,20.5,20.5,0.0
2017-07-03,20.25,20.25,20.25,20.25,-1.219511
2017-07-05,20.25,20.25,20.25,20.25,0.0
2017-07-06,20.25,20.25,20.25,20.25,0.0
2017-07-07,20.25,20.25,20.25,20.25,0.0
2017-07-10,20.55,20.55,20.55,20.55,1.4814734
2017-07-11,20.75,20.75,20.75,20.75,0.97323656
2017-07-12,20.75,20.75,20.75,20.75,0.0
2017-07-13,20.75,20.75,20.75,20.75,0.0
2017-07-14,20.75,20.75,20.75,20.75,0.0
2017-07-17,20.15,20.15,20.15,20.15,-2.8915703
2017-07-18,20.15,20.15,20.15,20.15,0.0
2017-07-19,20.25,20.25,20.25,20.25,0.4962802
2017-07-20,20.55,20.55,20.55,20.55,1.4814734
2017-07-21,20.55,20.55,20.55,20.55,0.0
2017-07-24,20.65,20.65,20.65,20.65,0.48662424
2017-07-25,20.65,20.65,20.65,20.65,0.0
2017-07-26,20.5,20.5,20.5,20.5,-0.7263899
2017-07-27,20.5,20.5,20.5,20.5,0.0
2017-07-28,20.5,20.5,20.5,20.5,0.0
2017-07-31,20.05,20.05,20.05,20.05,-2.1951258
2017-08-01,20.15,20.15,20.15,20.15,0.49875975
2017-08-02,20.25,20.25,20.25,20.25,0.4962802
2017-08-03,20.4,20.4,20.4,20.4,0.7407427
2017-08-04,20.4,20.4,20.4,20.4,0.0
2017-08-07,20.5,20.5,20.5,20.5,0.49020052
2017-08-08,20.65,20.65,20.65,20.65,0.7317066
2017-08-09,20.65,20.65,20.65,20.65,0.0
2017-08-10,20.8,20.8,20.8,20.8,0.7263899
2017-08-11,20.8,20.8,20.8,20.8,0.0
2017-08-14,20.8,20.8,20.8,20.8,0.0
2017-08-15,20.75,20.75,20.75,20.75,-0.24037957
2017-08-16,20.85,20.85,20.85,20.85,0.4819274
2017-08-17,20.85,20.85,20.85,20.85,0.0
2017-08-18,20.85,20.85,20.85,20.85,0.0
2017-08-21,20.5,20.5,20.5,20.5,-1.6786575
2017-08-22,20.5,20.5,20.5,20.5,0.0
2017-08-23,20.5,20.5,20.5,20.5,0.0
2017-08-24,20.25,20.25,20.25,20.25,-1.219511
2017-08-25,20.15,20.15,20.15,20.15,-0.49383044
2017-08-28,20.0,20.0,20.0,20.0,-0.7444143
2017-08-29,20.0,20.0,20.0,20.0,0.0
2017-08-30,19.95,19.95,19.95,19.95,-0.2499938
2017-08-31,20.15,20.15,20.15,20.15,1.0025024
2017-09-01,20.25,20.25,20.25,20.25,0.4962802
2017-09-05,20.5,20.5,20.5,20.5,1.2345672
2017-09-06,20.65,20.65,20.65,20.65,0.7317066
2017-09-07,20.9,20.9,20.9,20.9,1.2106538
2017-09-08,20.75,20.75,20.75,20.75,-0.7176995
2017-09-11,20.65,20.65,20.65,20.65,-0.4819274
2017-09-12,20.65,20.65,20.65,20.65,0.0
2017-09-13,20.65,20.65,20.65,20.65,0.0
2017-09-14,20.6,20.6,20.6,20.6,-0.24212599
2017-09-15,20.6,20.6,20.6,20.6,0.0
2017-09-18,20.6,20.6,20.6,20.6,0.0
2017-09-19,20.3,20.3,20.3,20.3,-1.4563143
2017-09-20,20.3,20.3,20.3,20.3,0.0
2017-09-21,20.25,20.25,20.25,20.25,-0.24630427
2017-09-22,19.75,19.75,19.75,19.75,-2.4691343
2017-09-25,20.5,20.5,20.5,20.5,3.7974715
2017-09-26,20.6,20.6,20.6,20.6,0.4878044
2017-09-27,20.6,20.6,20.6,20.6,0.0
2017-09-28,20.55,20.55,20.55,20.55,-0.24272203
2017-09-29,20.25,20.25,20.25,20.25,-1.4598489
2017-10-02,20.25,20.25,20.25,20.25,0.0
2017-10-03,20.45,20.45,20.45,20.45,0.9876609
2017-10-04,20.45,20.45,20.45,20.45,0.0
2017-10-05,20.45,20.45,20.45,20.45,0.0
2017-10-06,20.45,20.45,20.45,20.45,0.0
2017-10-09,20.15,20.15,20.15,20.15,-1.4669955
2017-10-10,20.35,20.35,20.35,20.35,0.9925604
2017-10-11,20.5,20.5,20.5,20.5,0.7370949
2017-10-12,20.5,20.5,20.5,20.5,0.0
2017-10-13,20.45,20.45,20.45,20.45,-0.24389625
2017-10-16,20.3,20.3,20.3,20.3,-0.7335067
2017-10-17,20.45,20.45,20.45,20.45,0.7389188
2017-10-18,20.45,20.45,20.45,20.45,0.0
2017-10-19,20.3,20.3,20.3,20.3,-0.7335067
2017-10-20,20.15,20.15,20.15,20.15,-0.7389128
2017-10-23,20.15,20.15,20.15,20.15,0.0
2017-10-24,20.2,20.2,20.2,20.2,0.24814606
2017-10-25,20.2,20.2,20.2,20.2,0.0
2017-10-26,20.2,20.2,20.2,20.2,0.0
2017-10-27,19.95,19.95,19.95,19.95,-1.2376249
2017-10-30,20.0,20.0,20.0,20.0,0.2506256
2017-10-31,20.05,20.05,20.05,20.05,0.2499938
2017-11-01,20.2,20.2,20.2,20.2,0.74813366
2017-11-02,20.3,20.3,20.3,20.3,0.49504042
2017-11-03,20.3,20.3,20.3,20.3,0.0
2017-11-06,20.25,24.8,24.8,24.8,-0.24630427
2017-11-07,20.4,24.8,24.8,24.8,0.7407427
2017-11-08,20.45,24.8,24.8,24.8,0.24510622
2017-11-09,22.75,22.75,22.75,22.75,11.246943
2017-11-10,22.9,22.9,22.9,22.9,0.65933466
2017-11-13,23.15,23.15,23.15,23.15,1.0917068
2017-11-14,23.4,24.8,24.8,24.8,1.079917
2017-11-15,23.9,23.9,23.9,23.9,2.136755
2017-11-16,24.4,24.8,24.8,24.8,2.0920515
2017-11-17,25.0,25.0,25.0,25.0,2.4590135
2017-11-20,25.5,25.5,25.5,25.5,1.9999981
2017-11-21,26.0,26.0,26.0,26.0,1.9607902
2017-11-22,24.5,24.8,24.8,24.8,-5.769229
2017-11-24,23.5,23.5,23.5,23.5,-4.0816307
2017-11-27,21.65,21.65,21.65,21.65,-7.872343
2017-11-28,23.5,23.5,23.5,23.5,8.545041
2017-11-29,23.9,23.9,23.9,23.9,1.7021298
2017-11-30,23.25,23.25,23.25,23.25,-2.7196646
2017-12-01,23.0,23.0,23.0,23.0,-1.0752678
2017-12-04,26.4,26.4,26.4,26.4,14.782608
2017-12-05,25.4,25.4,25.4,25.4,-3.7878811
2017-12-06,25.5,25.5,25.5,25.5,0.3937006
2017-12-07,25.0,25.0,25.0,25.0,-1.9607842
2017-12-08,25.0,25.0,25.0,25.0,0.0
2017-12-11,25.0,25.0,25.0,25.0,0.0
2017-12-12,25.0,25.0,25.0,25.0,0.0
2017-12-13,24.65,24.65,24.65,24.65,-1.3999999
2017-12-14,24.4,24.4,24.4,24.4,-1.0141969
2017-12-15,24.4,24.4,24.4,24.4,0.0
2017-12-18,24.4,24.4,24.4,24.4,0.0
2017-12-19,24.0,24.0,24.0,24.0,-1.6393423
2017-12-20,24.0,24.7,24.7,24.7,0.0
2017-12-21,24.0,24.0,24.0,24.0,0.0
2017-12-22,24.0,24.0,24.0,24.0,0.0
2017-12-26,24.0,24.0,24.0,24.0,0.0
2017-12-27,24.0,24.0,24.0,24.0,0.0
2017-12-28,24.0,24.0,24.0,24.0,0.0
2017-12-29,23.9,23.9,23.9,23.9,-0.41666627
2018-01-02,23.9,23.9,23.9,23.9,0.0
2018-01-03,23.9,23.9,23.9,23.9,0.0
2018-01-04,24.0,24.0,24.0,24.0,0.4184127
2018-01-05,24.0,24.0,24.0,24.0,0.0
2018-01-08,24.0,24.0,24.0,24.0,0.0
2018-01-09,24.0,24.0,24.0,24.0,0.0
2018-01-10,24.0,24.0,24.0,24.0,0.0
2018-01-11,23.9,23.9,23.9,23.9,-0.41666627
2018-01-12,23.75,23.75,23.75,23.75,-0.62761307
2018-01-16,23.75,23.75,23.75,23.75,0.0
2018-01-17,23.5,23.5,23.5,23.5,-1.05263
2018-01-18,23.4,23.4,23.4,23.4,-0.42553544
2018-01-19,23.4,23.4,23.4,23.4,0.0
2018-01-22,23.15,23.15,23.15,23.15,-1.0683775
2018-01-23,23.15,23.15,23.15,23.15,0.0
2018-01-24,23.15,23.15,23.15,23.15,0.0
2018-01-25,23.0,23.0,23.0,23.0,-0.6479442
2018-01-26,22.5,22.5,22.5,22.5,-2.1739125
2018-01-29,21.4,21.4,21.4,21.4,-4.888892
2018-01-30,21.4,21.4,21.4,21.4,0.0
2018-01-31,22.25,22.25,22.25,22.25,3.97197
2018-02-01,21.75,21.75,21.75,21.75,-2.2471905
2018-02-02,22.15,22.15,22.15,22.15,1.8390775
2018-02-05,22.25,22.25,22.25,22.25,0.45146942
2018-02-06,22.25,22.25,22.25,22.25,0.0
2018-02-07,22.15,22.15,22.15,22.15,-0.44944286
2018-02-08,21.5,21.5,21.5,21.5,-2.9345334
2018-02-09,21.5,21.5,21.5,21.5,0.0
2018-02-12,21.65,21.65,21.65,21.65,0.69767237
2018-02-13,21.65,21.65,21.65,21.65,0.0
2018-02-14,21.65,21.65,21.65,21.65,0.0
2018-02-15,21.75,21.75,21.75,21.75,0.46190023
2018-02-16,21.75,21.75,21.75,21.75,0.0
2018-02-20,21.75,21.75,21.75,21.75,0.0
2018-02-21,22.0,22.0,22.0,22.0,1.1494279
2018-02-22,22.0,22.0,22.0,22.0,0.0
2018-02-23,22.0,22.0,22.0,22.0,0.0
2018-02-26,21.25,21.25,21.25,21.25,-3.4090936
2018-02-27,21.25,21.25,21.25,21.25,0.0
2018-02-28,22.0,22.0,22.0,22.0,3.5294175
2018-03-01,21.65,21.65,21.65,21.65,-1.5909135
2018-03-02,22.0,22.0,22.0,22.0,1.6166329
2018-03-05,22.25,22.25,22.25,22.25,1.1363626
2018-03-06,22.25,22.25,22.25,22.25,0.0
2018-03-07,22.0,22.0,22.0,22.0,-1.1235952
2018-03-08,22.0,22.0,22.0,22.0,0.0
2018-03-09,21.75,21.75,21.75,21.75,-1.1363626
2018-03-12,22.0,22.0,22.0,22.0,1.1494279
2018-03-13,22.0,22.0,22.0,22.0,0.0
2018-03-14,22.0,22.0,22.0,22.0,0.0
2018-03-15,22.05,22.05,22.05,22.05,0.22727251
2018-03-16,22.05,22.05,22.05,22.05,0.0
2018-03-19,21.75,21.75,21.75,21.75,-1.3605416
2018-03-20,22.15,22.15,22.15,22.15,1.8390775
2018-03-21,22.25,22.25,22.25,22.25,0.45146942
2018-03-22,21.75,21.75,21.75,21.75,-2.2471905
2018-03-23,21.75,21.75,21.75,21.75,0.0
2018-03-26,21.65,21.65,21.65,21.65,-0.45977235
2018-03-27,21.25,21.25,21.25,21.25,-1.8475711
2018-03-28,21.25,21.25,21.25,21.25,0.0
2018-03-29,21.0,21.0,21.0,21.0,-1.1764705
2018-04-02,20.9,20.9,20.9,20.9,-0.47619343
2018-04-03,21.0,21.0,21.0,21.0,0.47847033
2018-04-04,21.0,21.0,21.0,21.0,0.0
2018-04-05,21.0,21.0,21.0,21.0,0.0
2018-04-06,21.0,21.0,21.0,21.0,0.0
2018-04-09,21.15,21.15,21.15,21.15,0.7142782
2018-04-10,20.65,20.65,20.65,20.65,-2.3640633
2018-04-11,20.65,20.65,20.65,20.65,0.0
2018-04-12,20.65,20.65,20.65,20.65,0.0
2018-04-13,20.65,20.65,20.65,20.65,0.0
2018-04-16,20.5,20.5,20.5,20.5,-0.7263899
2018-04-17,20.5,20.5,20.5,20.5,0.0
2018-04-18,20.25,20.25,20.25,20.25,-1.219511
2018-04-19,20.5,20.5,20.5,20.5,1.2345672
2018-04-20,20.5,20.5,20.5,20.5,0.0
2018-04-23,20.75,20.75,20.75,20.75,1.219511
2018-04-24,21.0,21.0,21.0,21.0,1.2048244
2018-04-25,21.0,21.0,21.0,21.0,0.0
2018-04-26,20.75,20.75,20.75,20.75,-1.1904776
2018-04-27,20.75,20.75,20.75,20.75,0.0
2018-04-30,20.9,20.9,20.9,20.9,0.72288513
2018-05-01,21.25,21.25,21.25,21.25,1.6746402
2018-05-02,21.25,21.25,21.25,21.25,0.0
2018-05-03,21.3,21.3,21.3,21.3,0.2352953
2018-05-04,21.3,21.3,21.3,21.3,0.0
2018-05-07,21.5,21.5,21.5,21.5,0.9389758
2018-05-08,21.75,21.75,21.75,21.75,1.1627913
2018-05-09,21.75,21.75,21.75,21.75,0.0
2018-05-10,21.75,21.75,21.75,21.75,0.0
2018-05-11,21.5,21.5,21.5,21.5,-1.1494279
2018-05-14,21.6,21.6,21.6,21.6,0.46511889
2018-05-15,21.8,21.8,21.8,21.8,0.9259224
2018-05-16,21.8,21.8,21.8,21.8,0.0
2018-05-17,22.4,22.4,22.4,22.4,2.7522922
2018-05-18,22.4,22.4,22.4,22.4,0.0
2018-05-21,22.7,22.7,22.7,22.7,1.3392925
2018-05-22,22.9,22.9,22.9,22.9,0.881052
2018-05-23,22.9,22.9,22.9,22.9,0.0
2018-05-24,22.9,22.9,22.9,22.9,0.0
2018-05-25,22.75,22.75,22.75,22.75,-0.6550193
2018-05-29,22.75,22.75,22.75,22.75,0.0
2018-05-30,22.55,22.55,22.55,22.55,-0.8791268
2018-05-31,22.55,22.55,22.55,22.55,0.0
2018-06-01,23.0,23.0,23.0,23.0,1.9955635
2018-06-04,23.5,23.5,23.5,23.5,2.1739125
2018-06-05,23.75,23.75,23.75,23.75,1.0638356
2018-06-06,23.75,23.75,23.75,23.75,0.0
2018-06-07,23.75,24.4,24.6,24.4,0.0
2018-06-08,23.5,25.7,25.7,24.2,-1.05263
2018-06-11,23.4,23.4,23.4,23.4,-0.42553544
2018-06-12,23.4,23.4,23.4,23.4,0.0
2018-06-13,23.4,23.4,23.4,23.4,0.0
2018-06-14,23.15,23.15,23.15,23.15,-1.0683775
2018-06-15,23.15,23.15,23.15,23.15,0.0
2018-06-18,23.15,23.15,23.15,23.15,0.0
2018-06-19,23.15,23.15,23.15,23.15,0.0
2018-06-20,23.0,23.0,23.0,23.0,-0.6479442
2018-06-21,22.9,22.9,22.9,22.9,-0.43478608
2018-06-22,22.75,22.75,22.75,22.75,-0.6550193
2018-06-25,22.65,22.65,22.65,22.65,-0.4395604
2018-06-26,22.65,22.65,22.65,22.65,0.0
2018-06-27,22.65,22.65,22.65,22.65,0.0
2018-06-28,22.65,22.65,22.65,22.65,0.0
2018-06-29,22.7,22.7,22.7,22.7,0.22075176
2018-07-02,22.8,22.8,22.8,22.8,0.440526
2018-07-03,22.95,22.95,22.95,22.95,0.65790415
2018-07-05,22.95,22.95,22.95,22.95,0.0
2018-07-06,22.85,22.85,22.85,22.85,-0.4357338
2018-07-09,22.85,22.85,22.85,22.85,0.0
2018-07-10,23.0,23.0,23.0,23.0,0.6564498
2018-07-11,23.15,23.15,23.15,23.15,0.6521702
2018-07-12,23.15,23.15,23.15,23.15,0.0
2018-07-13,23.25,23.25,23.25,23.25,0.43196678
2018-07-16,23.35,23.35,23.35,23.35,0.43010712
2018-07-17,23.65,23.65,23.65,23.65,1.28479
2018-07-18,23.5,23.5,23.5,23.5,-0.63424706
2018-07-19,23.75,23.75,23.75,23.75,1.0638356
2018-07-20,23.75,23.75,23.75,23.75,0.0
2018-07-23,23.75,23.75,23.75,23.75,0.0
2018-07-24,23.75,23.75,23.75,23.75,0.0
2018-07-25,24.15,24.15,24.15,24.15,1.6842127
2018-07-26,25.65,25.65,25.65,25.65,6.2111855
2018-07-27,25.65,25.65,25.65,25.65,0.0
2018-07-30,25.75,25.75,25.75,25.75,0.38986206
2018-07-31,25.85,25.85,25.85,25.85,0.3883481
2018-08-01,25.85,25.85,25.85,25.85,0.0
2018-08-02,25.95,25.95,25.95,25.95,0.38684607
2018-08-03,25.95,25.95,25.95,25.95,0.0
2018-08-06,26.0,26.0,26.0,26.0,0.19267797
2018-08-07,26.05,26.05,26.05,26.05,0.19230843
2018-08-08,26.05,26.05,26.05,26.05,0.0
2018-08-09,26.1,26.1,26.1,26.1,0.19193888
2018-08-10,26.1,26.1,26.1,26.1,0.0
2018-08-13,26.1,26.1,26.1,26.1,0.0
2018-08-14,26.15,26.15,26.15,26.15,0.19156933
2018-08-15,26.25,26.25,26.25,26.25,0.38241148
2018-08-16,26.25,26.25,26.25,26.25,0.0
2018-08-17,26.25,26.25,26.25,26.25,0.0
2018-08-20,26.15,26.15,26.15,26.15,-0.38095117
2018-08-21,26.15,26.15,26.15,26.15,0.0
2018-08-22,26.4,26.4,26.4,26.4,0.95602274
2018-08-23,26.4,26.4,26.4,26.4,0.0
2018-08-24,26.3,26.3,26.3,26.3,-0.37878752
2018-08-27,26.3,26.3,26.3,26.3,0.0
2018-08-28,26.6,26.6,26.6,26.6,1.1406898
2018-08-29,26.6,26.6,26.6,26.6,0.0
2018-08-30,26.4,26.4,26.4,26.4,-0.7518828
2018-08-31,26.45,26.45,26.45,26.45,0.18939972
2018-09-04,26.5,26.5,26.5,26.5,0.18903017
2018-09-05,26.6,26.6,26.6,26.6,0.377357
2018-09-06,26.6,26.6,26.6,26.6,0.0
2018-09-07,26.7,26.7,26.7,26.7,0.37593842
2018-09-10,27.0,27.0,27.0,27.0,1.1235952
2018-09-11,27.0,27.0,27.0,27.0,0.0
2018-09-12,27.0,27.0,27.0,27.0,0.0
2018-09-13,27.2,26.5,26.5,26.5,0.7407427
2018-09-14,27.2,27.2,27.2,27.2,0.0
2018-09-17,27.4,27.4,27.4,27.4,0.7352948
2018-09-18,27.6,27.6,27.6,27.6,0.7299304
2018-09-19,27.4,27.4,27.4,27.4,-0.7246375
2018-09-20,27.5,27.5,27.5,27.5,0.36495924
2018-09-21,27.5,27.5,27.5,27.5,0.0
2018-09-24,27.4,27.4,27.4,27.4,-0.36363602
2018-09-25,27.45,27.45,27.45,27.45,0.18248558
2018-09-26,27.4,27.4,27.4,27.4,-0.1821518
2018-09-27,27.45,27.45,27.45,27.45,0.18248558
2018-09-28,27.5,27.5,27.5,27.5,0.1821518
2018-10-01,27.4,27.4,27.4,27.4,-0.36363602
2018-10-02,27.4,27.4,27.4,27.4,0.0
2018-10-03,27.55,27.55,27.55,27.55,0.5474448
2018-10-04,27.55,27.55,27.55,27.55,0.0
2018-10-05,27.5,27.5,27.5,27.5,-0.18148422
2018-10-08,27.55,27.55,27.55,27.55,0.18181801
2018-10-09,27.5,27.5,27.5,27.5,-0.18148422
2018-10-10,27.55,27.55,27.55,27.55,0.18181801
2018-10-11,27.5,27.5,27.5,27.5,-0.18148422
2018-10-12,27.5,27.5,27.5,27.5,0.0
2018-10-15,27.55,27.55,27.55,27.55,0.18181801
2018-10-16,27.7,27.7,27.7,27.7,0.5444646
2018-10-17,27.7,27.7,27.7,27.7,0.0
2018-10-18,27.75,27.75,27.75,27.75,0.1805067
2018-10-19,27.65,27.65,27.65,27.65,-0.36036372
2018-10-22,27.75,27.75,27.75,27.75,0.36166906
2018-10-23,27.75,27.75,27.75,27.75,0.0
2018-10-24,27.8,27.8,27.8,27.8,0.18017292
2018-10-25,27.75,27.75,27.75,27.75,-0.17985106
2018-10-26,27.85,27.85,27.85,27.85,0.36035776
2018-10-29,27.95,27.95,27.95,27.95,0.3590703
2018-10-30,28.0,28.0,28.0,28.0,0.17888546
2018-10-31,28.15,27.4,27.55,27.4,0.5357146
2018-11-01,28.3,28.3,28.3,28.3,0.5328536
2018-11-02,28.55,27.85,27.85,27.85,0.8833885
2018-11-05,28.8,28.8,28.8,28.8,0.87565184
2018-11-06,28.8,28.8,28.8,28.8,0.0
2018-11-07,28.95,28.95,28.95,28.95,0.5208373
2018-11-08,29.0,29.0,29.0,29.0,0.17271042
2018-11-09,29.05,29.05,29.05,29.05,0.1724124
2018-11-12,29.15,29.15,29.15,29.15,0.34424067
2018-11-13,29.1,29.85,29.85,29.85,-0.17152429
2018-11-14,29.15,29.15,29.15,29.15,0.17181635
2018-11-15,29.15,29.15,29.15,29.15,0.0
2018-11-16,29.15,29.15,29.15,29.15,0.0
2018-11-19,29.15,29.15,29.15,29.15,0.0
2018-11-20,29.15,29.15,29.15,29.15,0.0
2018-11-21,29.0,29.0,29.0,29.0,-0.5145788
2018-11-23,29.0,29.0,29.0,29.0,0.0
2018-11-26,29.1,29.1,29.1,29.1,0.3448248
2018-11-27,28.95,29.2,29.2,29.2,-0.51546097
2018-11-28,28.95,28.95,28.95,28.95,0.0
2018-11-29,28.95,28.95,28.95,28.95,0.0
2018-11-30,29.0,29.0,29.0,29.0,0.17271042
2018-12-03,29.1,29.1,29.1,29.1,0.3448248
2018-12-04,29.0,29.0,29.0,29.0,-0.34364462
2018-12-05,29.0,29.0,29.0,29.0,0.0
2018-12-06,29.0,29.0,29.0,29.0,0.0
2018-12-07,29.0,29.0,29.0,29.0,0.0
2018-12-10,29.0,29.0,29.0,29.0,0.0
2018-12-11,28.8,28.8,28.8,28.8,-0.68965554
2018-12-12,28.8,28.8,28.8,28.8,0.0
2018-12-13,28.8,28.8,28.8,28.8,0.0
2018-12-14,28.75,30.4,30.4,30.4,-0.17361045
2018-12-17,28.6,28.6,28.6,28.6,-0.52173734
2018-12-18,28.65,28.65,28.65,28.65,0.17482042
2018-12-19,28.65,28.65,28.65,28.65,0.0
2018-12-20,28.65,28.65,28.65,28.65,0.0
2018-12-21,28.65,28.65,28.65,28.65,0.0
2018-12-24,28.65,28.65,28.65,28.65,0.0
2018-12-26,28.65,28.65,28.65,28.65,0.0
2018-12-27,28.65,28.65,28.65,28.65,0.0
2018-12-28,28.75,28.75,28.75,28.75,0.3490448
2018-12-31,28.8,28.8,28.8,28.8,0.17391443
2019-01-02,28.9,28.9,28.9,28.9,0.3472209
2019-01-03,28.9,28.9,28.9,28.9,0.0
2019-01-04,28.85,28.85,28.85,28.85,-0.17300844
2019-01-07,28.9,28.9,28.9,28.9,0.17330647
2019-01-08,28.9,28.9,28.9,28.9,0.0
2019-01-09,28.95,28.95,28.95,28.95,0.17300844
2019-01-10,28.9,28.9,28.9,28.9,-0.17271638
2019-01-11,28.9,28.9,28.9,28.9,0.0
2019-01-14,28.9,28.9,28.9,28.9,0.0
2019-01-15,28.9,28.9,28.9,28.9,0.0
2019-01-16,28.9,28.9,28.9,28.9,0.0
2019-01-17,28.85,28.85,28.85,28.85,-0.17300844
2019-01-18,28.9,28.9,28.9,28.9,0.17330647
2019-01-22,28.95,28.95,28.95,28.95,0.17300844
2019-01-23,28.95,28.95,28.95,28.95,0.0
2019-01-24,29.05,29.05,29.05,29.05,0.34542084
2019-01-25,29.05,29.05,29.05,29.05,0.0
2019-01-28,29.05,29.05,29.05,29.05,0.0
2019-01-29,29.1,29.1,29.1,29.1,0.1721263
2019-01-30,29.1,29.1,29.1,29.1,0.0
2019-01-31,28.95,28.95,28.95,28.95,-0.51546097
2019-02-01,29.0,29.0,29.0,29.0,0.17271042
2019-02-04,29.0,29.0,29.0,29.0,0.0
2019-02-05,29.0,29.0,29.0,29.0,0.0
2019-02-06,29.0,29.0,29.0,29.0,0.0
2019-02-07,28.95,28.95,28.95,28.95,-0.1724124
2019-02-08,28.85,28.85,28.85,28.85,-0.3454268
2019-02-11,28.85,28.85,28.85,28.85,0.0
2019-02-12,28.85,28.85,28.85,28.85,0.0
2019-02-13,28.8,28.8,28.8,28.8,-0.17331243
2019-02-14,28.8,28.8,28.8,28.8,0.0
2019-02-15,28.75,28.75,28.75,28.75,-0.17361045
2019-02-19,28.7,28.7,28.7,28.7,-0.17390847
2019-02-20,28.7,28.7,28.7,28.7,0.0
2019-02-21,28.7,28.7,28.7,28.7,0.0
2019-02-22,28.65,28.65,28.65,28.65,-0.17421842
2019-02-25,28.2,28.2,28.2,28.2,-1.5706778
2019-02-26,27.8,27.8,27.8,27.8,-1.4184475
2019-02-27,27.9,27.9,27.9,27.9,0.35971403
2019-02-28,27.8,27.8,27.8,27.8,-0.35842657
2019-03-01,28.0,28.0,28.0,28.0,0.71942806
2019-03-04,28.05,28.05,28.05,28.05,0.1785636
2019-03-05,28.2,28.2,28.2,28.2,0.53476095
2019-03-06,28.2,28.2,28.2,28.2,0.0
2019-03-07,28.15,28.15,28.15,28.15,-0.1773119
2019-03-08,28.0,28.0,28.0,28.0,-0.53285956
2019-03-11,28.0,28.0,28.0,28.0,0.0
2019-03-12,28.0,28.0,28.0,28.0,0.0
2019-03-13,27.85,27.85,27.85,27.85,-0.5357146
2019-03-14,27.5,27.5,27.5,27.5,-1.2567341
2019-03-15,27.35,27.35,27.35,27.35,-0.545454
2019-03-18,27.05,27.05,27.05,27.05,-1.0968983
2019-03-19,27.0,27.0,27.0,27.0,-0.18483996
2019-03-20,26.5,26.5,26.5,26.5,-1.8518507
2019-03-21,26.1,26.1,26.1,26.1,-1.509434
2019-03-22,26.0,26.0,26.0,26.0,-0.38314462
2019-03-25,25.75,25.75,25.75,25.75,-0.96153617
2019-03-26,25.75,25.75,25.75,25.75,0.0
2019-03-27,25.6,25.6,25.6,25.6,-0.58252215
2019-03-28,25.15,25.15,25.15,25.15,-1.7578125
2019-03-29,25.0,25.0,25.0,25.0,-0.59642196
2019-04-01,25.35,25.35,25.35,25.35,1.4000058
2019-04-02,25.6,25.6,25.6,25.6,0.9861946
2019-04-03,25.65,25.65,25.65,25.65,0.1953125
2019-04-04,25.75,25.75,25.75,25.75,0.38986206
2019-04-05,25.75,25.75,25.75,25.75,0.0
2019-04-08,25.9,25.9,25.9,25.9,0.5825281
2019-04-09,25.85,25.85,25.85,25.85,-0.19304752
2019-04-10,25.85,25.85,25.85,25.85,0.0
2019-04-11,25.85,25.85,25.85,25.85,0.0
2019-04-12,25.85,25.85,25.85,25.85,0.0
2019-04-15,25.85,25.85,25.85,25.85,0.0
2019-04-16,25.95,25.95,25.95,25.95,0.38684607
2019-04-17,25.95,25.95,25.95,25.95,0.0
2019-04-18,25.9,25.9,25.9,25.9,-0.19268394
2019-04-22,25.8,25.8,25.8,25.8,-0.386101
2019-04-23,25.8,25.8,25.8,25.8,0.0
2019-04-24,25.7,25.7,25.7,25.7,-0.38759112
2019-04-25,25.65,25.65,25.65,25.65,-0.19455552
2019-04-26,25.2,25.2,25.2,25.2,-1.7543793
2019-04-29,25.3,25.3,25.3,25.3,0.39682388
2019-04-30,25.2,25.2,25.2,25.2,-0.39525032
2019-05-01,25.25,25.25,25.25,25.25,0.19841194
2019-05-02,25.25,25.25,25.25,25.25,0.0
2019-05-03,25.1,25.1,25.1,25.1,-0.59405565
2019-05-06,25.05,25.05,25.05,25.05,-0.19921064
2019-05-07,25.05,25.05,25.05,25.05,0.0
2019-05-08,25.1,25.1,25.1,25.1,0.19960403
2019-05-09,25.0,25.0,25.0,25.0,-0.39840937
2019-05-10,24.75,24.75,24.75,24.75,-0.99999905
2019-05-13,24.7,24.7,24.7,24.7,-0.20201802
2019-05-14,24.65,24.65,24.65,24.65,-0.20243526
2019-05-15,24.65,24.65,24.65,24.65,0.0
2019-05-16,24.65,24.65,24.65,24.65,0.0
2019-05-17,24.65,25.15,25.15,25.15,0.0
2019-05-20,24.65,24.65,24.65,24.65,0.0
2019-05-21,24.65,24.65,24.65,24.65,0.0
2019-05-22,24.6,24.6,24.6,24.6,-0.2028346
2019-05-23,24.3,24.3,24.3,24.3,-1.219517
2019-05-24,24.25,24.25,24.25,24.25,-0.20575523
2019-05-28,24.2,24.2,24.2,24.2,-0.20618439
2019-05-29,24.2,24.2,24.2,24.2,0.0
2019-05-30,24.05,24.05,24.05,24.05,-0.6198406
2019-05-31,24.0,24.0,24.0,24.0,-0.20789504
2019-06-03,24.05,24.05,24.05,24.05,0.20833015
2019-06-04,24.05,24.05,24.05,24.05,0.0
2019-06-05,24.2,24.2,24.2,24.2,0.623703
2019-06-06,24.45,24.45,24.45,24.45,1.0330558
2019-06-07,24.7,24.7,24.7,24.7,1.0224938
2019-06-10,24.95,24.95,24.95,24.95,1.0121465
2019-06-11,24.95,24.95,24.95,24.95,0.0
2019-06-12,25.1,25.1,25.1,25.1,0.6011963
2019-06-13,25.0,25.0,25.0,25.0,-0.39840937
2019-06-14,24.55,24.55,24.55,24.55,-1.8000007
2019-06-17,24.45,24.45,24.45,24.45,-0.40732622
2019-06-18,24.5,24.5,24.5,24.5,0.20449162
2019-06-19,24.45,24.45,24.45,24.45,-0.20408034
2019-06-20,24.5,24.5,24.5,24.5,0.20449162
2019-06-21,24.7,24.7,24.7,24.7,0.8163333
2019-06-24,24.65,24.65,24.65,24.65,-0.20243526
2019-06-25,24.8,24.8,24.8,24.8,0.60851574
2019-06-26,24.7,24.7,24.7,24.7,-0.40321946
2019-06-27,24.7,24.7,24.7,24.7,0.0
2019-06-28,24.65,24.65,24.65,24.65,-0.20243526
2019-07-01,24.6,24.6,24.6,24.6,-0.2028346
2019-07-02,24.5,24.5,24.5,24.5,-0.40650368
2019-07-03,24.5,24.5,24.5,24.5,0.0
2019-07-05,24.55,24.55,24.55,24.55,0.20407438
2019-07-08,24.8,24.8,24.8,24.8,1.0183334
2019-07-09,24.8,24.8,24.8,24.8,0.0
2019-07-10,24.8,24.8,24.8,24.8,0.0
2019-07-11,24.8,24.8,24.8,24.8,0.0
2019-07-12,24.95,24.95,24.95,24.95,0.6048441
2019-07-15,25.8,25.8,25.8,25.8,3.4068108
2019-07-16,26.15,26.15,26.15,26.15,1.3565898
2019-07-17,25.95,25.95,25.95,25.95,-0.76481104
2019-07-18,25.75,25.75,25.75,25.75,-0.77071786
2019-07-19,25.3,25.3,25.3,25.3,-1.7475784
2019-07-22,25.3,25.3,25.3,25.3,0.0
2019-07-23,25.55,25.55,25.55,25.55,0.9881377
2019-07-24,25.7,25.7,25.7,25.7,0.58709383
2019-07-25,25.65,25.65,25.65,25.65,-0.19455552
2019-07-26,25.6,25.6,25.6,25.6,-0.19493103
2019-07-29,25.65,25.65,25.65,25.65,0.1953125
2019-07-30,25.45,25.45,25.45,25.45,-0.7797241
2019-07-31,25.35,25.35,25.35,25.35,-0.3929317
2019-08-01,25.35,25.35,25.35,25.35,0.0
2019-08-02,25.4,25.4,25.4,25.4,0.19723177
2019-08-05,25.35,25.35,25.35,25.35,-0.1968503
2019-08-06,25.35,25.35,25.35,25.35,0.0
2019-08-07,25.35,25.35,25.35,25.35,0.0
2019-08-08,25.35,25.35,25.35,25.35,0.0
2019-08-09,25.35,25.35,25.35,25.35,0.0
2019-08-12,25.35,25.35,25.35,25.35,0.0
2019-08-13,25.35,25.35,25.35,25.35,0.0
2019-08-14,25.35,25.35,25.35,25.35,0.0
2019-08-15,25.35,25.35,25.35,25.35,0.0
2019-08-16,25.2,25.2,25.2,25.2,-0.5917132
2019-08-19,25.2,25.2,25.2,25.2,0.0
2019-08-20,25.2,25.2,25.2,25.2,0.0
2019-08-21,25.25,25.25,25.25,25.25,0.19841194
2019-08-22,25.3,25.3,25.3,25.3,0.19801855
2019-08-23,25.3,25.3,25.3,25.3,0.0
2019-08-26,25.3,25.3,25.3,25.3,0.0
2019-08-27,25.3,25.3,25.3,25.3,0.0
2019-08-28,25.3,25.3,25.3,25.3,0.0
2019-08-29,25.3,25.3,25.3,25.3,0.0
2019-08-30,25.3,25.3,25.3,25.3,0.0
2019-09-03,25.3,25.3,25.3,25.3,0.0
2019-09-04,25.3,25.3,25.3,25.3,0.0
2019-09-05,25.3,25.3,25.3,25.3,0.0
2019-09-06,25.25,25.25,25.25,25.25,-0.19762516
2019-09-09,25.2,25.2,25.2,25.2,-0.19801855
2019-09-10,25.25,25.25,25.25,25.25,0.19841194
2019-09-11,25.15,25.15,25.15,25.15,-0.39604306
2019-09-12,24.95,24.95,24.95,24.95,-0.7952213
2019-09-13,24.95,24.95,24.95,24.95,0.0
2019-09-16,25.25,25.25,25.25,25.25,1.2024045
2019-09-17,25.55,25.55,25.55,25.55,1.1881113
2019-09-18,25.7,25.7,25.7,25.7,0.58709383
2019-09-19,25.75,25.75,25.75,25.75,0.19454956
2019-09-20,25.75,25.75,25.75,25.75,0.0
2019-09-23,25.8,25.8,25.8,25.8,0.19416809
2019-09-24,25.75,25.75,25.75,25.75,-0.19379258
2019-09-25,25.7,25.7,25.7,25.7,-0.19417405
2019-09-26,25.7,25.7,25.7,25.7,0.0
2019-09-27,25.65,25.65,25.65,25.65,-0.19455552
2019-09-30,25.55,25.55,25.55,25.55,-0.38986206
2019-10-01,25.7,25.7,25.7,25.7,0.58709383
2019-10-02,25.45,25.45,25.45,25.45,-0.9727597
2019-10-03,25.4,25.4,25.4,25.4,-0.19646883
2019-10-04,25.35,25.35,25.35,25.35,-0.1968503
2019-10-07,25.3,25.3,25.3,25.3,-0.19724369
2019-10-08,25.0,25.0,25.0,25.0,-1.1857688
2019-10-09,25.0,25.0,25.0,25.0,0.0
2019-10-10,25.0,25.0,25.0,25.0,0.0
2019-10-11,24.95,24.95,24.95,24.95,-0.19999743
2019-10-14,24.9,24.9,24.9,24.9,-0.20040274
2019-10-15,24.9,24.9,24.9,24.9,0.0
2019-10-16,24.9,24.9,24.9,24.9,0.0
2019-10-17,24.95,24.95,24.95,24.95,0.20080805
2019-10-18,24.9,24.9,24.9,24.9,-0.20040274
2019-10-21,24.75,24.75,24.75,24.75,-0.60240626
2019-10-22,24.6,24.6,24.6,24.6,-0.60606
2019-10-23,24.4,24.4,24.4,24.4,-0.8130133
2019-10-24,24.4,24.4,24.4,24.4,0.0
2019-10-25,24.2,24.2,24.2,24.2,-0.8196652
2019-10-28,24.05,24.05,24.05,24.05,-0.6198406
2019-10-29,23.95,23.95,23.95,23.95,-0.41579604
2019-10-30,24.0,24.0,24.0,24.0,0.20875931
2019-10-31,23.9,23.9,23.9,23.9,-0.41666627
2019-11-01,24.1,24.1,24.1,24.1,0.8368254
2019-11-04,24.15,24.15,24.15,24.15,0.20745993
2019-11-05,24.25,24.25,24.25,24.25,0.4140854
2019-11-06,24.45,24.45,24.45,24.45,0.82474947
2019-11-07,24.65,24.65,24.65,24.65,0.8179903
2019-11-08,24.7,24.7,24.7,24.7,0.20284653
2019-11-11,24.65,24.65,24.65,24.65,-0.20243526
2019-11-12,24.65,24.65,24.65,24.65,0.0
2019-11-13,24.8,24.8,24.8,24.8,0.60851574
2019-11-14,25.0,25.0,25.0,25.0,0.80645084
2019-11-15,25.0,25.0,25.0,25.0,0.0
2019-11-18,25.4,25.4,25.4,25.4,1.6000032
2019-11-19,25.8,25.8,25.8,25.8,1.5748024
2019-11-20,26.0,26.0,26.0,26.0,0.77519417
2019-11-21,26.05,26.05,26.05,26.05,0.19230843
2019-11-22,26.0,26.0,26.0,26.0,-0.19193292
2019-11-25,26.0,26.0,26.0,26.0,0.0
2019-11-26,26.1,26.1,26.1,26.1,0.38461685
2019-11-27,26.15,26.15,26.15,26.15,0.19156933
2019-11-29,26.15,26.15,26.15,26.15,0.0
2019-12-02,26.0,26.0,26.0,26.0,-0.57361126
2019-12-03,26.1,26.1,26.1,26.1,0.38461685
2019-12-04,26.1,26.1,26.1,26.1,0.0
2019-12-05,25.95,25.95,25.95,25.95,-0.57471395
2019-12-06,25.95,25.95,25.95,25.95,0.0
2019-12-09,26.0,26.0,26.0,26.0,0.19267797
2019-12-10,26.0,26.0,26.0,26.0,0.0
2019-12-11,26.05,26.05,26.05,26.05,0.19230843
2019-12-12,25.8,25.8,25.8,25.8,-0.9596944
2019-12-13,25.7,25.7,25.7,25.7,-0.38759112
2019-12-16,25.7,25.7,25.7,25.7,0.0
2019-12-17,25.45,25.45,25.45,25.45,-0.9727597
2019-12-18,25.5,25.5,25.5,25.5,0.19645691
2019-12-19,25.45,25.45,25.45,25.45,-0.19607544
2019-12-20,25.25,25.25,25.25,25.25,-0.78585744
2019-12-23,25.05,25.05,25.05,25.05,-0.79208016
2019-12-24,25.1,25.1,25.1,25.1,0.19960403
2019-12-26,25.05,25.05,25.05,25.05,-0.19921064
2019-12-27,25.05,25.05,25.05,25.05,0.0
2019-12-30,24.9,24.9,24.9,24.9,-0.5988002
2019-12-31,25.05,25.05,25.05,25.05,0.6024122
2020-01-02,25.05,25.05,25.05,25.05,0.0
2020-01-03,25.05,25.05,25.05,25.05,0.0
2020-01-06,25.0,25.0,25.0,25.0,-0.19959807
2020-01-07,24.8,24.8,24.8,24.8,-0.8000016
2020-01-08,24.65,24.65,24.65,24.65,-0.60483813
2020-01-09,24.6,24.6,24.6,24.6,-0.2028346
2020-01-10,24.6,24.6,24.6,24.6,0.0
2020-01-13,24.6,24.6,24.6,24.6,0.0
2020-01-14,24.6,24.6,24.6,24.6,0.0
2020-01-15,24.6,24.6,24.6,24.6,0.0
2020-01-16,24.55,24.55,24.55,24.55,-0.2032578
2020-01-17,24.6,24.6,24.6,24.6,0.20366907
2020-01-21,24.55,24.85,24.85,24.85,-0.2032578
2020-01-22,24.55,24.55,24.55,24.55,0.0
2020-01-23,24.45,24.45,24.45,24.45,-0.40732622
2020-01-24,24.45,24.45,24.45,24.45,0.0
2020-01-27,24.4,24.4,24.4,24.4,-0.20450354
2020-01-28,24.5,24.5,24.5,24.5,0.40984154
2020-01-29,24.5,24.5,24.5,24.5,0.0
2020-01-30,24.65,24.65,24.65,24.65,0.612247
2020-01-31,24.8,24.8,24.8,24.8,0.60851574
2020-02-03,24.8,24.8,24.8,24.8,0.0
2020-02-04,24.85,24.85,24.85,24.85,0.20161867
2020-02-05,24.85,24.85,24.85,24.85,0.0
2020-02-06,24.85,24.85,24.85,24.85,0.0
2020-02-07,24.85,24.85,24.85,24.85,0.0
2020-02-10,24.6,24.6,24.6,24.6,-1.006037
2020-02-11,24.6,24.6,24.6,24.6,0.0
2020-02-12,24.5,24.5,24.5,24.5,-0.40650368
2020-02-13,24.5,24.5,24.5,24.5,0.0
2020-02-14,24.55,24.55,24.55,24.55,0.20407438
2020-02-18,24.6,24.6,24.6,24.6,0.20366907
2020-02-19,24.6,24.6,24.6,24.6,0.0
2020-02-20,24.55,24.55,24.55,24.55,-0.2032578
2020-02-21,24.55,24.55,24.55,24.55,0.0
2020-02-24,24.6,24.6,24.6,24.6,0.20366907
2020-02-25,24.85,24.85,24.85,24.85,1.0162592
2020-02-26,24.85,24.85,24.85,24.85,0.0
2020-02-27,24.85,24.85,24.85,24.85,0.0
2020-02-28,24.9,24.9,24.9,24.9,0.20120144
2020-03-02,24.75,24.75,24.75,24.75,-0.60240626
2020-03-03,24.75,24.75,24.75,24.75,0.0
2020-03-04,24.6,24.6,24.6,24.6,-0.60606
2020-03-05,24.45,24.45,24.45,24.45,-0.6097555
2020-03-06,24.35,24.35,24.35,24.35,-0.4090011
2020-03-09,24.4,24.4,24.4,24.4,0.205338
2020-03-10,24.2,24.2,24.2,24.2,-0.8196652
2020-03-11,24.25,24.25,24.25,24.25,0.20661354
2020-03-12,24.1,24.1,24.1,24.1,-0.61855316
2020-03-13,23.95,23.95,23.95,23.95,-0.6224036
2020-03-16,23.9,23.9,23.9,23.9,-0.20877123
2020-03-17,24.0,24.0,24.0,24.0,0.4184127
2020-03-18,24.0,24.0,24.0,24.0,0.0
2020-03-19,24.0,24.0,24.0,24.0,0.0
2020-03-20,24.0,24.0,24.0,24.0,0.0
2020-03-23,24.15,24.15,24.15,24.15,0.6250024
2020-03-24,25.35,25.35,25.35,25.35,4.968953
2020-03-25,25.35,25.35,25.35,25.35,0.0
2020-03-26,26.35,26.35,26.35,26.35,3.9447784
2020-03-27,26.7,26.7,26.7,26.7,1.3282776
2020-03-30,27.2,27.2,27.2,27.2,1.8726587
2020-03-31,27.4,27.4,27.4,27.4,0.7352948
2020-04-01,27.45,27.45,27.45,27.45,0.18248558
2020-04-02,27.55,27.55,27.55,27.55,0.36429167
2020-04-03,27.75,26.7,26.7,26.7,0.72596073
2020-04-06,27.75,27.75,27.75,27.75,0.0
2020-04-07,28.95,28.95,28.95,28.95,4.324329
2020-04-08,29.25,29.25,29.25,29.25,1.0362625
2020-04-09,29.55,29.55,29.55,29.55,1.025641
2020-04-13,29.75,29.75,29.75,29.75,0.67682266
2020-04-14,30.95,30.95,30.95,30.95,4.033613
2020-04-15,31.7,29.0,29.0,29.0,2.4232626
2020-04-16,32.35,29.0,32.1,29.0,2.0504713
2020-04-17,31.65,31.65,31.65,31.65,-2.1638274
2020-04-20,31.75,31.75,31.75,31.75,0.3159523
2020-04-21,31.75,31.75,31.75,31.75,0.0
2020-04-22,31.9,31.9,31.9,31.9,0.47243834
2020-04-23,32.05,32.05,32.05,32.05,0.47022104
2020-04-24,32.1,32.1,32.1,32.1,0.1560092
2020-04-27,32.25,31.9,31.9,31.9,0.46730042
2020-04-28,33.4,33.4,33.4,33.4,3.5658956
2020-04-29,33.55,33.55,33.55,33.55,0.44909716
2020-04-30,33.5,33.5,33.5,33.5,-0.1490295
2020-05-01,34.15,34.15,34.15,34.15,1.9402981
2020-05-04,34.15,34.15,34.15,34.15,0.0
2020-05-05,34.15,34.15,34.15,34.15,0.0
2020-05-06,34.15,34.15,34.15,34.15,0.0
2020-05-07,34.0,34.0,34.0,34.0,-0.4392445
2020-05-08,33.9,33.9,33.9,33.9,-0.29411316
2020-05-11,33.8,33.8,33.8,33.8,-0.29498935
2020-05-12,33.7,33.7,33.7,33.7,-0.2958536
2020-05-13,33.55,33.55,33.55,33.55,-0.4451096
2020-05-14,33.45,33.45,33.45,33.45,-0.298059
2020-05-15,33.55,33.55,33.55,33.55,0.29895306
2020-05-18,33.55,33.55,33.55,33.55,0.0
2020-05-19,33.6,33.6,33.6,33.6,0.14902353
2020-05-20,33.9,33.9,33.9,33.9,0.89286566
2020-05-21,34.05,34.05,34.05,34.05,0.44246912
2020-05-22,34.1,35.05,35.05,35.05,0.146842
2020-05-26,34.3,34.3,34.3,34.3,0.5865097
2020-05-27,34.05,34.05,34.05,34.05,-0.7288635
2020-05-28,34.2,34.2,34.2,34.2,0.44053793
2020-05-29,34.05,34.05,34.05,34.05,-0.43860078
2020-06-01,33.6,33.6,33.6,33.6,-1.32159
2020-06-02,33.5,33.5,33.5,33.5,-0.29761195
2020-06-03,33.45,33.45,33.45,33.45,-0.14925003
2020-06-04,33.2,33.2,33.2,33.2,-0.74738264
2020-06-05,33.1,33.1,33.1,33.1,-0.30121207
2020-06-08,33.05,33.05,33.05,33.05,-0.15105605
2020-06-09,33.2,33.2,33.2,33.2,0.45386553
2020-06-10,33.2,33.2,33.2,33.2,0.0
2020-06-11,33.2,33.2,33.2,33.2,0.0
2020-06-12,33.05,33.05,33.05,33.05,-0.45180917
2020-06-15,32.85,32.85,32.85,32.85,-0.6051481
2020-06-16,33.0,33.0,33.0,33.0,0.45663118
2020-06-17,32.8,32.8,32.8,32.8,-0.60606
2020-06-18,33.05,33.05,33.05,33.05,0.76220036
2020-06-19,32.85,32.85,32.85,32.85,-0.6051481
2020-06-22,32.85,32.85,32.85,32.85,0.0
2020-06-23,32.85,32.85,32.85,32.85,0.0
2020-06-24,32.85,32.85,32.85,32.85,0.0
2020-06-25,32.9,32.9,32.9,32.9,0.15221834
2020-06-26,32.85,32.85,32.85,32.85,-0.15198588
2020-06-29,32.9,33.8,33.8,33.8,0.15221834
2020-06-30,32.55,32.55,32.55,32.55,-1.0638356
2020-07-01,32.55,32.55,32.55,32.55,0.0
2020-07-02,32.65,32.65,32.65,32.65,0.30722618
2020-07-06,32.75,32.75,32.75,32.75,0.3062725
2020-07-07,32.75,32.75,32.75,32.75,0.0
2020-07-08,32.8,32.8,32.8,32.8,0.15267134
2020-07-09,33.0,33.0,33.0,33.0,0.6097555
2020-07-10,32.8,32.8,32.8,32.8,-0.60606
2020-07-13,32.8,32.8,32.8,32.8,0.0
2020-07-14,32.7,32.7,32.7,32.7,-0.3048718
2020-07-15,32.7,32.7,32.7,32.7,0.0
2020-07-16,32.6,32.6,32.6,32.6,-0.3058195
2020-07-17,32.5,32.5,32.5,32.5,-0.30674338
2020-07-20,32.5,32.5,32.5,32.5,0.0
2020-07-21,32.6,32.6,32.6,32.6,0.3076911
2020-07-22,32.65,32.65,32.65,32.65,0.1533866
2020-07-23,31.65,31.65,31.65,31.65,-3.0627906
2020-07-24,31.65,31.65,31.65,31.65,0.0
2020-07-27,31.9,31.9,31.9,31.9,0.7898927
2020-07-28,31.7,31.7,31.7,31.7,-0.6269574
2020-07-29,31.7,31.7,31.7,31.7,0.0
2020-07-30,31.6,31.6,31.6,31.6,-0.31545758
2020-07-31,31.35,31.35,31.35,31.35,-0.7911384
2020-08-03,31.4,31.4,31.4,31.4,0.15949011
2020-08-04,32.3,32.3,32.3,32.3,2.8662443
2020-08-05,32.25,32.25,32.25,32.25,-0.15479922
2020-08-06,32.25,32.25,32.25,32.25,0.0
2020-08-07,32.25,32.25,32.25,32.25,0.0
2020-08-10,32.25,32.25,32.25,32.25,0.0
2020-08-11,32.2,32.2,32.2,32.2,-0.15503764
2020-08-12,32.1,32.1,32.1,32.1,-0.31056404
2020-08-13,32.0,32.0,32.0,32.0,-0.31152368
2020-08-14,31.6,31.6,31.6,31.6,-1.2499988
2020-08-17,31.45,31.45,31.45,31.45,-0.47467947
2020-08-18,31.2,31.2,31.2,31.2,-0.7949114
2020-08-19,31.0,31.0,31.0,31.0,-0.6410301
2020-08-20,31.05,31.05,31.05,31.05,0.16129017
2020-08-21,30.8,30.8,30.8,30.8,-0.80515146
2020-08-24,30.85,30.85,30.85,30.85,0.16233921
2020-08-25,30.8,30.8,30.8,30.8,-0.16207695
2020-08-26,30.8,30.8,30.8,30.8,0.0
2020-08-27,30.75,30.75,30.75,30.75,-0.16233325
2020-08-28,30.6,30.6,30.6,30.6,-0.4878044
2020-08-31,30.95,30.95,30.95,30.95,1.1437893
2020-09-29,29.9,29.9,29.9,29.9,-3.3925712
2020-09-30,29.9,29.9,29.9,29.9,0.0
2020-10-01,29.9,29.9,29.9,29.9,0.0
2020-10-02,29.85,29.85,29.85,29.85,-0.16722083
2020-10-05,29.85,32.35,32.35,32.35,0.0
2020-10-06,29.85,29.85,29.85,29.85,0.0
2020-10-07,29.8,29.8,29.8,29.8,-0.16750693
2020-10-27,29.4,29.4,29.4,29.4,-1.3422787
2020-10-28,29.4,29.4,29.4,29.4,0.0
2020-10-29,29.35,29.35,29.35,29.35,-0.17006397
2020-10-30,29.4,29.4,29.4,29.4,0.17035007
2020-11-02,29.85,29.85,29.85,29.85,1.5306115
2020-11-03,29.55,29.55,29.55,29.55,-1.0050297
2020-11-04,29.6,29.6,29.6,29.6,0.16920567
2020-11-05,29.65,29.65,29.65,29.65,0.16891956
2020-11-06,29.85,29.85,29.85,29.85,0.67453384
2020-11-09,29.5,29.5,29.5,29.5,-1.1725307
2020-11-10,29.5,29.5,29.5,29.5,0.0
2020-11-11,29.45,29.45,29.45,29.45,-0.16949177
2020-11-12,29.35,29.35,29.35,29.35,-0.3395617
2020-11-13,29.15,29.15,29.15,29.15,-0.68143606
2020-11-16,29.15,29.15,29.15,29.15,0.0
2020-11-17,29.0,29.0,29.0,29.0,-0.5145788
2020-11-18,29.0,29.0,29.0,29.0,0.0
2020-11-19,28.95,28.95,28.95,28.95,-0.1724124
2020-11-20,28.75,28.75,28.75,28.75,-0.69084764
2020-11-23,29.3,29.3,29.3,29.3,1.9130349
2020-11-24,29.15,29.15,29.15,29.15,-0.5119443
2020-11-25,29.15,29.15,29.15,29.15,0.0
2020-11-27,29.2,29.2,29.2,29.2,0.17153025
2020-11-30,29.15,29.15,29.15,29.15,-0.17123818
2020-12-01,30.15,30.15,30.15,30.15,3.4305334
2020-12-02,29.55,29.55,29.55,29.55,-1.9900501
2020-12-03,29.5,29.5,29.5,29.5,-0.1691997
2020-12-04,29.6,29.6,29.6,29.6,0.33898354
2020-12-07,29.7,29.7,29.7,29.7,0.33783913
2020-12-08,29.75,29.75,29.75,29.75,0.16834736
2020-12-09,29.75,29.75,29.75,29.75,0.0
2020-12-10,29.75,29.75,29.75,29.75,0.0
2020-12-11,29.75,29.75,29.75,29.75,0.0
2020-12-14,30.0,30.0,30.0,30.0,0.84034204
2020-12-15,30.1,30.1,30.1,30.1,0.33333302
2020-12-16,30.1,30.1,30.1,30.1,0.0
2020-12-17,30.1,30.1,30.1,30.1,0.0
2020-12-18,30.1,30.1,30.1,30.1,0.0
2020-12-21,30.25,30.25,30.25,30.25,0.4983425
2020-12-22,30.3,30.3,30.3,30.3,0.16528368
2020-12-23,30.35,30.35,30.35,30.35,0.16502142
2020-12-24,30.35,30.35,30.35,30.35,0.0
2020-12-28,30.0,30.0,30.0,30.0,-1.1532128
2020-12-29,30.7,30.7,30.7,30.7,2.333331
2020-12-30,30.7,30.7,30.7,30.7,0.0
2020-12-31,30.7,30.7,30.7,30.7,0.0
2021-01-04,30.85,30.85,30.85,30.85,0.48860312
2021-01-05,30.65,30.65,30.65,30.65,-0.64830184
2021-01-06,30.65,30.65,30.65,30.65,0.0
2021-01-07,30.65,30.65,30.65,30.65,0.0
2021-01-08,30.6,30.6,30.6,30.6,-0.16313195
2021-01-11,30.6,30.6,30.6,30.6,0.0
2021-01-12,30.6,30.6,30.6,30.6,0.0
2021-01-13,30.6,30.6,30.6,30.6,0.0
2021-01-14,30.6,30.6,30.6,30.6,0.0
2021-01-15,30.45,30.45,30.45,30.45,-0.49019456
2021-01-19,30.45,30.45,30.45,30.45,0.0
2021-01-20,30.45,30.45,30.45,30.45,0.0
2021-01-21,30.4,30.4,30.4,30.4,-0.16420484
2021-01-22,30.35,30.35,30.35,30.35,-0.16447306
2021-01-25,30.35,30.35,30.35,30.35,0.0
2021-01-26,30.4,30.4,30.4,30.4,0.16474724
2021-01-27,30.25,30.25,30.25,30.25,-0.49341917
2021-01-28,30.1,30.1,30.1,30.1,-0.49586892
2021-01-29,30.1,30.1,30.1,30.1,0.0
2021-02-01,30.15,30.15,30.15,30.15,0.16610622
2021-02-02,30.0,30.0,30.0,30.0,-0.497514
2021-02-03,30.05,30.05,30.05,30.05,0.16666651
2021-02-04,29.9,29.9,29.9,29.9,-0.49916506
2021-02-05,29.85,29.85,29.85,29.85,-0.16722083
2021-02-08,29.85,29.85,29.85,29.85,0.0
2021-02-09,29.9,29.9,29.9,29.9,0.16750097
2021-02-10,29.9,29.9,29.9,29.9,0.0
2021-02-11,29.9,29.9,29.9,29.9,0.0
2021-02-12,29.85,29.85,29.85,29.85,-0.16722083
2021-02-16,29.75,29.75,29.75,29.75,-0.3350079
2021-02-17,29.7,29.7,29.7,29.7,-0.16806722
2021-02-18,29.1,29.1,29.1,29.1,-2.020204
2021-02-19,29.2,29.2,29.2,29.2,0.34364462
2021-02-22,29.15,29.15,29.15,29.15,-0.17123818
2021-02-23,28.75,28.75,28.75,28.75,-1.3722122
2021-02-24,28.75,28.75,28.75,28.75,0.0
2021-02-25,28.6,28.6,28.6,28.6,-0.52173734
2021-02-26,28.45,28.45,28.45,28.45,-0.5244732
2021-03-01,28.15,28.15,28.15,28.15,-1.0544837
2021-03-02,28.0,28.0,28.0,28.0,-0.53285956
2021-03-03,27.75,27.75,27.75,27.75,-0.8928597
2021-03-04,27.75,27.75,27.75,27.75,0.0
2021-03-05,27.75,27.75,27.75,27.75,0.0
2021-03-08,27.85,27.85,27.85,27.85,0.36035776
2021-03-09,27.7,27.7,27.7,27.7,-0.5385995
2021-03-10,27.7,27.7,27.7,27.7,0.0
2021-03-11,27.7,27.7,27.7,27.7,0.0
2021-03-12,27.7,27.7,27.7,27.7,0.0
2021-03-15,27.75,27.75,27.75,27.75,0.1805067
2021-03-16,29.35,29.35,29.35,29.35,5.765772
2021-03-17,30.05,30.05,30.05,30.05,2.3850083
2021-03-18,29.95,29.95,29.95,29.95,-0.33277273
2021-03-19,29.9,29.9,29.9,29.9,-0.16694665
2021-03-22,30.05,30.05,30.05,30.05,0.50166845
2021-03-23,30.05,30.05,30.05,30.05,0.0
2021-03-24,30.05,30.05,30.05,30.05,0.0
2021-03-25,30.1,30.1,30.1,30.1,0.16639233
2021-03-26,30.5,30.5,30.5,30.5,1.3288975
2021-03-29,30.85,30.85,30.85,30.85,1.1475444
2021-03-30,31.25,31.25,31.25,31.25,1.2965918
2021-03-31,31.35,31.35,31.35,31.35,0.32000542
2021-04-01,31.3,31.3,31.3,31.3,-0.15949607
2021-04-05,31.3,31.3,31.3,31.3,0.0
2021-04-06,31.15,31.15,31.15,31.15,-0.47923326
2021-04-07,31.1,31.1,31.1,31.1,-0.16050935
2021-04-08,30.85,30.85,30.85,30.85,-0.80385804
2021-04-09,30.7,30.7,30.7,30.7,-0.4862249
2021-04-12,30.2,30.2,30.2,30.2,-1.6286671
2021-04-13,29.95,29.95,29.95,29.95,-0.82781315
2021-04-14,30.05,30.05,30.05,30.05,0.33388138
2021-04-15,29.8,29.8,29.8,29.8,-0.8319497
2021-04-16,29.65,29.65,29.65,29.65,-0.50335526
2021-04-19,29.55,29.55,29.55,29.55,-0.33726692
2021-04-20,29.35,29.35,29.35,29.35,-0.6768167
2021-04-21,29.25,29.25,29.25,29.25,-0.34071803
2021-04-22,29.05,29.05,29.05,29.05,-0.68376064
2021-04-23,28.85,28.85,28.85,28.85,-0.68846345
2021-04-26,29.0,29.0,29.0,29.0,0.5199313
2021-04-27,29.15,29.15,29.15,29.15,0.5172372
2021-04-28,29.15,29.15,29.15,29.15,0.0
2021-04-29,29.25,29.25,29.25,29.25,0.34304857
2021-04-30,29.35,29.35,29.35,29.35,0.34188032
2021-05-03,29.4,29.4,29.4,29.4,0.17035007
2021-05-04,30.95,30.95,30.95,30.95,5.2721143
2021-05-05,30.75,30.75,30.75,30.75,-0.64620376
2021-05-06,30.75,30.75,30.75,30.75,0.0
2021-05-07,30.7,30.7,30.7,30.7,-0.16260147
2021-05-10,30.85,30.85,30.85,30.85,0.48860312
2021-05-11,31.1,31.1,31.1,31.1,0.8103728
2021-05-12,31.1,31.1,31.1,31.1,0.0
2021-05-13,31.1,31.1,31.1,31.1,0.0
2021-05-14,31.1,31.1,31.1,31.1,0.0
2021-05-17,31.05,31.05,31.05,31.05,-0.16077757
2021-05-18,31.1,31.5,31.5,31.5,0.16103983
2021-05-19,31.1,31.1,31.1,31.1,0.0
2021-05-20,31.25,31.25,31.25,31.25,0.48230886
2021-05-21,31.25,31.25,31.25,31.25,0.0
2021-05-24,31.2,31.2,31.2,31.2,-0.15999675
2021-05-25,31.2,31.2,31.2,31.2,0.0
2021-05-26,31.3,31.3,31.3,31.3,0.3205061
2021-05-27,31.35,31.35,31.35,31.35,0.15975237
2021-05-28,31.5,31.5,31.5,31.5,0.47847033
2021-06-01,31.5,31.5,31.5,31.5,0.0
2021-06-02,31.55,31.55,31.55,31.55,0.15872717
2021-06-03,31.75,31.75,31.75,31.75,0.63391924
2021-06-04,31.75,31.75,31.75,31.75,0.0
2021-06-07,32.35,32.35,32.35,32.35,1.8897533
2021-06-08,32.2,32.2,32.2,32.2,-0.4636705
2021-06-09,32.3,32.3,32.3,32.3,0.31055212
2021-06-10,32.35,32.35,32.35,32.35,0.15479326
2021-06-11,32.7,32.7,32.7,32.7,1.0819197
2021-06-14,32.5,32.5,32.5,32.5,-0.61162114
2021-06-15,32.35,32.35,32.35,32.35,-0.4615426
2021-06-16,32.35,32.35,32.35,32.35,0.0
2021-06-17,32.4,32.4,32.4,32.4,0.15456676
2021-06-18,32.4,32.4,32.4,32.4,0.0
2021-06-21,32.6,32.6,32.6,32.6,0.6172776
2021-06-22,32.55,32.55,32.55,32.55,-0.15337467
2021-06-23,32.55,32.55,32.55,32.55,0.0
2021-06-24,32.6,32.6,32.6,32.6,0.15361309
2021-06-25,32.4,32.4,32.4,32.4,-0.61348677
2021-06-28,32.25,32.25,32.25,32.25,-0.46296716
2021-06-29,32.4,32.4,32.4,32.4,0.46511889
2021-06-30,32.45,32.45,32.45,32.45,0.15431643
2021-07-01,32.55,32.55,32.55,32.55,0.308156
2021-07-02,32.8,32.8,32.8,32.8,0.76805353
2021-07-06,32.8,32.8,32.8,32.8,0.0
2021-07-07,32.7,32.7,32.7,32.7,-0.3048718
2021-07-08,32.7,32.7,32.7,32.7,0.0
2021-07-09,32.6,32.6,32.6,32.6,-0.3058195
2021-07-12,32.55,32.55,32.55,32.55,-0.15337467
2021-07-13,32.55,32.55,32.55,32.55,0.0
2021-07-14,32.55,32.55,32.55,32.55,0.0
2021-07-15,32.55,32.55,32.55,32.55,0.0
2021-07-16,32.5,32.5,32.5,32.5,-0.15360713
2021-07-19,32.35,32.35,32.35,32.35,-0.4615426
2021-07-20,32.4,32.4,32.4,32.4,0.15456676
2021-07-21,32.55,32.55,32.55,32.55,0.4629612
2021-07-22,32.55,32.55,32.55,32.55,0.0
2021-07-23,32.55,32.55,32.55,32.55,0.0
2021-07-26,32.55,32.55,32.55,32.55,0.0
2021-07-27,32.55,32.55,32.55,32.55,0.0
2021-07-28,32.55,32.55,32.55,32.55,0.0
2021-07-29,32.55,32.55,32.55,32.55,0.0
2021-07-30,32.4,32.4,32.4,32.4,-0.4608214
2021-08-02,32.3,32.3,32.3,32.3,-0.30865073
2021-08-03,32.3,32.3,32.3,32.3,0.0
2021-08-04,32.25,32.25,32.25,32.25,-0.15479922
2021-08-05,32.1,32.1,32.1,32.1,-0.46511889
2021-08-06,32.1,32.1,32.1,32.1,0.0
2021-08-09,31.7,31.7,31.7,31.7,-1.2461007
2021-08-10,31.7,31.7,31.7,31.7,0.0
2021-08-11,31.7,31.7,31.7,31.7,0.0
2021-08-12,31.1,31.1,31.1,31.1,-1.8927455
2021-08-13,30.65,30.65,30.65,30.65,-1.4469504
2021-08-16,30.35,30.35,30.35,30.35,-0.9787917
2021-08-17,30.45,30.45,30.45,30.45,0.32949448
2021-08-18,30.95,30.95,30.95,30.95,1.6420364
2021-08-19,32.15,32.15,32.15,32.15,3.8772225
2021-08-20,32.55,32.55,32.55,32.55,1.2441635
2021-08-23,33.3,33.3,33.3,33.3,2.3041487
2021-08-24,33.45,33.45,33.45,33.45,0.45045614
2021-08-25,33.45,33.45,33.45,33.45,0.0
2021-08-26,33.45,33.45,33.45,33.45,0.0
2021-08-27,33.6,33.6,33.6,33.6,0.44842958
2021-08-30,33.7,33.7,33.7,33.7,0.29762983
2021-08-31,34.6,34.6,34.6,34.6,2.6706219
2021-09-01,35.65,35.65,35.65,35.65,3.034687
2021-09-02,37.2,37.2,37.2,37.2,4.347825
2021-09-03,38.7,38.7,38.7,38.7,4.032254
2021-09-07,40.05,40.05,40.05,40.05,3.4883738
2021-09-08,40.25,40.25,40.25,40.25,0.49937963
2021-09-09,40.4,40.4,40.4,40.4,0.37267208
2021-09-10,42.4,42.4,42.4,42.4,4.9504995
2021-09-13,44.15,44.15,44.15,44.15,4.1273594
2021-09-14,44.9,44.9,44.9,44.9,1.6987562
2021-09-15,48.55,48.55,48.55,48.55,8.129168
2021-09-16,49.65,47.75,47.75,47.75,2.2657156
2021-09-17,50.8,47.75,47.75,47.75,2.3162127
2021-09-20,49.9,47.75,47.75,47.75,-1.7716467
2021-09-21,49.75,45.0,45.0,45.0,-0.3006041
2021-09-22,49.4,49.4,49.4,49.4,-0.7035136
2021-09-23,48.05,48.05,48.05,48.05,-2.7327955
2021-09-24,44.3,44.3,44.3,44.3,-7.80437
2021-09-27,43.05,43.05,43.05,43.05,-2.821672
2022-01-24,45.05,45.05,45.05,45.05,4.645765
2022-01-25,45.05,45.05,45.05,45.05,0.0
2022-01-26,45.05,45.05,45.05,45.05,0.0
2022-01-27,45.05,45.05,45.05,45.05,0.0
2022-01-28,44.85,44.85,44.85,44.85,-0.44395328
2022-01-31,44.0,44.0,44.0,44.0,-1.8952012
2022-02-01,43.9,43.9,43.9,43.9,-0.22726655
2022-02-02,43.8,43.8,43.8,43.8,-0.22779703
2022-02-03,44.0,44.0,44.0,44.0,0.45661926
2022-02-04,43.95,43.95,43.95,43.95,-0.113636255
2022-02-07,43.9,43.9,43.9,43.9,-0.113761425
2022-02-08,43.55,43.55,43.55,43.55,-0.7972717
2022-02-09,43.3,43.3,43.3,43.3,-0.57405233
2022-02-10,43.6,43.6,43.6,43.6,0.6928444
2022-02-11,43.95,43.95,43.95,43.95,0.80275536
2022-02-14,44.0,44.0,44.0,44.0,0.113761425
2022-02-15,44.05,44.05,44.05,44.05,0.113630295
2022-02-16,44.05,44.05,44.05,44.05,0.0
2022-02-17,44.05,44.05,44.05,44.05,0.0
2022-02-18,44.05,44.05,44.05,44.05,0.0
2022-02-22,44.0,44.0,44.0,44.0,-0.113505125
2022-02-23,44.05,44.05,44.05,44.05,0.113630295
2022-02-24,45.05,45.05,45.05,45.05,2.2701502
2022-02-25,46.65,46.65,46.65,46.65,3.5516143
2022-02-28,48.95,49.5,49.5,49.5,4.9303293
2022-03-01,50.35,50.35,50.35,50.35,2.8600574
2022-03-02,51.6,50.35,50.35,50.35,2.482617
2022-03-03,51.6,51.6,51.6,51.6,0.0
2022-03-04,51.25,51.25,51.25,51.25,-0.67828894
2022-03-07,51.5,51.5,51.5,51.5,0.4878044
2022-03-08,53.15,53.15,53.15,53.15,3.2038808
2022-03-09,54.05,53.1,53.1,53.1,1.6933203
2022-03-10,60.4,60.4,60.4,60.4,11.748385
2022-03-11,60.0,58.95,58.95,58.95,-0.6622553
2022-03-14,57.45,57.45,57.45,57.45,-4.249996
2022-03-15,55.6,55.6,55.6,55.6,-3.2201946
2022-03-16,55.4,55.4,55.4,55.4,-0.35970807
2022-03-17,56.35,55.4,55.4,55.4,1.7148018
2022-03-18,57.25,57.25,57.25,57.25,1.5971661
2022-03-21,57.8,57.8,57.8,57.8,0.96069574
2022-03-22,59.3,59.3,59.3,59.3,2.5951505
2022-03-23,59.2,59.2,59.2,59.2,-0.16863346
2022-03-24,59.1,59.1,59.1,59.1,-0.16892552
2022-03-25,59.05,59.05,59.05,59.05,-0.08460283
2022-03-28,59.2,59.2,59.2,59.2,0.25402308
2022-03-29,58.8,58.8,58.8,58.8,-0.67567825
2022-03-30,58.75,58.75,58.75,58.75,-0.085031986
2022-03-31,58.6,58.6,58.6,58.6,-0.25532246
2022-04-01,59.3,59.3,59.3,59.3,1.1945367
2022-04-04,60.2,60.2,60.2,60.2,1.5177131
2022-04-05,61.45,61.45,61.45,61.45,2.0764112
2022-04-06,61.95,61.95,61.95,61.95,0.8136749
2022-04-07,63.5,62.5,62.5,62.5,2.5020123
2022-04-08,64.25,64.25,64.25,64.25,1.1811018
2022-04-11,64.45,64.45,64.45,64.45,0.3112793
2022-04-12,64.5,64.5,64.5,64.5,0.077581406
2022-04-13,64.5,64.5,64.5,64.5,0.0
2022-04-14,64.5,64.5,64.5,64.5,0.0
2022-04-18,64.35,64.35,64.35,64.35,-0.23255944
2022-04-19,64.05,64.05,64.05,64.05,-0.46619177
2022-04-20,64.0,64.0,64.0,64.0,-0.078070164
2022-04-21,61.75,61.75,61.75,61.75,-3.515625
2022-04-22,56.6,56.6,56.6,56.6,-8.340084
2022-04-25,53.45,53.45,53.45,53.45,-5.565369
2022-04-26,54.2,54.2,54.2,54.2,1.4031768
2022-04-27,53.4,53.4,53.4,53.4,-1.4760137
2022-04-28,53.05,53.05,53.05,53.05,-0.6554365
2022-04-29,53.1,53.1,53.1,53.1,0.094246864
2022-05-02,54.35,54.35,54.35,54.35,2.3540497
2022-05-03,54.35,54.35,54.35,54.35,0.0
2022-05-04,54.55,54.55,54.55,54.55,0.36798716
2022-05-05,55.15,55.15,55.15,55.15,1.0999084
2022-05-06,55.35,55.35,55.35,55.35,0.36264658
2022-05-09,55.1,55.1,55.1,55.1,-0.45167208
2022-05-10,54.15,54.15,54.15,54.15,-1.7241299
2022-05-31,48.45,48.45,48.45,48.45,-10.526318
2022-06-01,49.25,49.25,49.25,49.25,1.6511798
2022-06-02,49.8,49.8,49.8,49.8,1.1167526
2022-06-03,50.7,50.7,50.7,50.7,1.8072367
2022-06-06,51.3,51.3,51.3,51.3,1.1834264
2022-06-07,51.55,51.55,51.55,51.55,0.48732758
2022-06-08,52.3,52.3,52.3,52.3,1.4549017
2022-06-09,52.85,52.85,52.85,52.85,1.0516286
2022-06-10,52.4,52.4,52.4,52.4,-0.8514583
2022-06-13,50.9,50.9,50.9,50.9,-2.8625965
2022-06-14,49.75,49.75,49.75,49.75,-2.259338
2022-06-15,49.45,49.45,49.45,49.45,-0.60301423
2022-06-16,48.95,48.95,48.95,48.95,-1.0111213
2022-06-17,47.85,47.85,47.85,47.85,-2.2471964
2022-06-21,47.45,47.45,47.45,47.45,-0.8359432
2022-06-22,48.35,48.35,48.35,48.35,1.8967271
2022-06-23,48.0,48.0,48.0,48.0,-0.7238865
2022-06-24,48.45,48.45,48.45,48.45,0.9374976
2022-06-27,49.35,49.35,49.35,49.35,1.8575788
2022-06-28,50.1,50.1,50.1,50.1,1.5197515
2022-06-29,50.65,50.65,50.65,50.65,1.0978103
2022-06-30,50.85,50.85,50.85,50.85,0.39485693
2022-07-01,51.25,51.25,51.25,51.25,0.78662634
2022-07-05,51.05,51.05,51.05,51.05,-0.39024353
2022-07-06,49.25,49.25,49.25,49.25,-3.5259545
2022-07-07,48.6,48.6,48.6,48.6,-1.3198018
2022-07-08,48.5,48.5,48.5,48.5,-0.20575523
2022-07-11,48.4,48.4,48.4,48.4,-0.20618439
2022-07-12,47.7,47.7,47.7,47.7,-1.4462829
2022-07-13,47.5,47.5,47.5,47.5,-0.41928887
2022-07-14,46.7,46.7,46.7,46.7,-1.6842067
2022-07-15,46.65,46.65,46.65,46.65,-0.10706186
2022-07-18,46.65,46.65,46.65,46.65,0.0
2022-07-19,46.7,46.7,46.7,46.7,0.10718107
2022-07-20,46.7,46.7,46.7,46.7,0.0
2022-07-21,46.95,46.95,46.95,46.95,0.53533316
2022-07-22,46.95,46.95,46.95,46.95,0.0
2022-07-25,47.3,47.3,47.3,47.3,0.7454753
2022-07-26,47.5,47.5,47.5,47.5,0.42283535
2022-07-27,48.25,48.25,48.25,48.25,1.5789509
2022-07-28,49.35,49.35,49.35,49.35,2.2797942
2022-07-29,49.65,49.65,49.65,49.65,0.6079078
2022-08-01,49.65,49.65,49.65,49.65,0.0
2022-08-02,49.55,49.55,49.55,49.55,-0.20141602
2022-08-03,49.4,49.4,49.4,49.4,-0.30272007
2022-08-04,48.95,48.95,48.95,48.95,-0.9109318
2022-08-05,48.85,48.85,48.85,48.85,-0.20429492
2022-08-08,48.85,48.85,48.85,48.85,0.0
2022-08-09,48.85,48.85,48.85,48.85,0.0
2022-08-10,48.85,48.85,48.85,48.85,0.0
2022-08-11,48.85,48.85,48.85,48.85,0.0
2022-08-12,48.85,48.85,48.85,48.85,0.0
2022-08-15,48.7,48.7,48.7,48.7,-0.3070593
2022-08-16,48.7,48.7,48.7,48.7,0.0
2022-08-17,48.85,48.85,48.85,48.85,0.30800104
2022-08-18,49.2,49.2,49.2,49.2,0.7164836
2022-08-19,49.2,49.2,49.2,49.2,0.0
2022-08-22,49.1,49.1,49.1,49.1,-0.2032578
2022-08-23,49.15,49.15,49.15,49.15,0.101840496
2022-08-24,49.4,49.4,49.4,49.4,0.5086422
2022-08-25,49.4,49.4,49.4,49.4,0.0
2022-08-26,49.4,49.4,49.4,49.4,0.0
2022-08-29,49.8,49.8,49.8,49.8,0.8097172
2022-08-30,51.35,51.35,51.35,51.35,3.1124473
2022-08-31,53.3,53.3,53.3,53.3,3.7974715
2022-09-01,53.6,53.6,53.6,53.6,0.56284666
2022-09-02,52.55,52.55,52.55,52.55,-1.9589543
2022-09-06,51.95,51.95,51.95,51.95,-1.1417687
2022-09-07,52.1,52.1,52.1,52.1,0.28873682
2022-09-08,52.1,52.1,52.1,52.1,0.0
2022-09-09,52.75,52.75,52.75,52.75,1.2476087
2022-09-12,52.9,52.9,52.9,52.9,0.28436184
2022-09-13,52.25,52.25,52.25,52.25,-1.2287378
2022-09-14,51.35,51.35,51.35,51.35,-1.7224908
2022-09-15,51.0,51.0,51.0,51.0,-0.68159103
2022-09-16,48.9,48.9,48.9,48.9,-4.117644
2022-09-19,48.9,48.9,48.9,48.9,0.0
2022-09-20,49.15,49.15,49.15,49.15,0.5112529
2022-09-21,49.6,49.6,49.6,49.6,0.9155631
2022-09-22,50.3,50.3,50.3,50.3,1.4112949
2022-09-23,49.85,49.85,49.85,49.85,-0.8946359
2022-09-26,49.4,49.4,49.4,49.4,-0.9027004
2022-09-27,49.2,49.2,49.2,49.2,-0.4048586
2022-09-28,49.2,49.2,49.2,49.2,0.0
2022-09-29,49.05,49.05,49.05,49.05,-0.30488372
2022-09-30,49.0,49.0,49.0,49.0,-0.10193586
2022-10-03,49.2,49.2,49.2,49.2,0.4081607
2022-10-04,49.25,49.25,49.25,49.25,0.10162592
2022-10-05,49.15,49.15,49.15,49.15,-0.20304322
2022-10-06,48.95,48.95,48.95,48.95,-0.4069209
2022-10-07,48.6,48.6,48.6,48.6,-0.7150173
2022-10-10,48.8,48.8,48.8,48.8,0.4115224
2022-10-11,49.5,49.5,49.5,49.5,1.4344335
2022-10-12,49.5,49.5,49.5,49.5,0.0
2022-10-13,50.2,50.2,50.2,50.2,1.414144
2022-10-14,50.6,50.6,50.6,50.6,0.7968068
2022-10-17,51.0,51.0,51.0,51.0,0.79051256
2022-10-18,51.5,51.5,51.5,51.5,0.9803891
2022-10-19,52.25,52.25,52.25,52.25,1.4563084
2022-10-20,52.65,52.65,52.65,52.65,0.76555014
2022-10-21,53.05,53.05,53.05,53.05,0.7597327
2022-10-24,53.35,53.35,53.35,53.35,0.565505
2022-10-25,53.35,53.35,53.35,53.35,0.0
2022-10-26,53.35,53.35,53.35,53.35,0.0
2022-10-27,53.35,53.35,53.35,53.35,0.0
2022-10-28,53.05,53.05,53.05,53.05,-0.56232214
2022-10-31,52.8,52.8,52.8,52.8,-0.4712522
2022-11-01,52.65,52.65,52.65,52.65,-0.28408766
2022-11-02,52.4,52.4,52.4,52.4,-0.47483444
2022-11-03,51.1,51.1,51.1,51.1,-2.4809241
2022-11-04,50.6,50.6,50.6,50.6,-0.9784758
2022-11-07,50.0,50.0,50.0,50.0,-1.1857688
2022-11-08,50.25,50.25,50.25,50.25,0.49999952
2022-11-09,50.6,50.6,50.6,50.6,0.69651604
2022-11-10,50.7,50.7,50.7,50.7,0.19763708
2022-11-11,50.75,50.75,50.75,50.75,0.098621845
2022-11-14,50.75,50.75,50.75,50.75,0.0
2022-11-15,50.6,50.6,50.6,50.6,-0.2955675
2022-11-16,50.65,50.65,50.65,50.65,0.0988245
2022-11-17,50.7,50.7,50.7,50.7,0.09871721
2022-11-18,50.7,50.7,50.7,50.7,0.0
2022-11-21,50.5,50.5,50.5,50.5,-0.39448142
2022-11-22,50.4,50.4,50.4,50.4,-0.19801855
2022-11-23,50.35,50.35,50.35,50.35,-0.09921193
2022-11-25,50.35,50.35,50.35,50.35,0.0
2022-11-28,50.35,50.35,50.35,50.35,0.0
2022-11-29,50.35,50.35,50.35,50.35,0.0
2022-11-30,49.95,49.95,49.95,49.95,-0.79443455
2022-12-01,49.8,49.8,49.8,49.8,-0.30030608
2022-12-02,49.2,49.2,49.2,49.2,-1.2048185
2022-12-05,48.35,48.35,48.35,48.35,-1.7276466
2022-12-06,48.3,48.3,48.3,48.3,-0.1034081
2022-12-07,48.15,48.15,48.15,48.15,-0.31055212
2022-12-08,48.5,48.5,48.5,48.5,0.72689056
2022-12-09,48.7,48.7,48.7,48.7,0.41236877
2022-12-12,48.7,48.7,48.7,48.7,0.0
2022-12-13,48.35,48.35,48.35,48.35,-0.71868896
2022-12-14,48.35,48.35,48.35,48.35,0.0
2022-12-15,48.15,48.15,48.15,48.15,-0.4136443
2022-12-16,48.15,48.15,48.15,48.15,0.0
2022-12-19,48.1,48.1,48.1,48.1,-0.10384917
2022-12-20,48.1,48.1,48.1,48.1,0.0
2022-12-21,48.1,48.1,48.1,48.1,0.0
2022-12-22,48.1,48.1,48.1,48.1,0.0
2022-12-23,48.1,48.1,48.1,48.1,0.0
2022-12-27,49.0,49.0,49.0,49.0,1.871109
2022-12-28,49.0,49.0,49.0,49.0,0.0
2022-12-29,49.0,49.0,49.0,49.0,0.0
2022-12-30,49.0,49.0,49.0,49.0,0.0
2023-01-03,48.9,48.9,48.9,48.9,-0.20408034
2023-01-04,48.95,48.95,48.95,48.95,0.10224581
2023-01-05,48.95,48.95,48.95,48.95,0.0
2023-01-06,49.0,49.0,49.0,49.0,0.10213852
2023-01-09,49.95,49.95,49.95,49.95,1.9387722
2023-01-10,50.35,50.35,50.35,50.35,0.8008003
2023-01-11,50.45,50.45,50.45,50.45,0.1986146
2023-01-12,50.5,50.5,50.5,50.5,0.0991106
2023-01-13,50.5,50.5,50.5,50.5,0.0
2023-01-17,49.6,49.6,49.6,49.6,-1.7821789
2023-01-18,49.1,49.1,49.1,49.1,-1.0080636
2023-01-19,48.95,48.95,48.95,48.95,-0.3054917
2023-01-20,48.9,48.9,48.9,48.9,-0.10214448
2023-01-23,49.0,49.0,49.0,49.0,0.20449162
2023-01-24,49.1,49.1,49.1,49.1,0.20407438
2023-01-25,49.2,49.2,49.2,49.2,0.20366907
2023-01-26,50.35,50.35,50.35,50.35,2.3373961
2023-01-27,50.7,50.7,50.7,50.7,0.6951332
2023-01-30,50.85,50.85,50.85,50.85,0.2958536
2023-01-31,50.85,50.85,50.85,50.85,0.0
2023-02-01,50.85,50.85,50.85,50.85,0.0
2023-02-02,51.25,51.25,51.25,51.25,0.78662634
2023-02-03,51.25,51.25,51.25,51.25,0.0
2023-02-06,50.95,50.95,50.95,50.95,-0.5853653
2023-02-07,50.75,50.75,50.75,50.75,-0.39254427
2023-02-08,50.55,50.55,50.55,50.55,-0.39408803
2023-02-09,50.45,50.45,50.45,50.45,-0.19782186
2023-02-10,50.55,50.55,50.55,50.55,0.19820929
2023-02-13,50.6,50.6,50.6,50.6,0.09890795
2023-02-14,50.8,50.8,50.8,50.8,0.39526224
2023-02-15,51.05,51.05,51.05,51.05,0.4921317
2023-02-16,51.6,51.6,51.6,51.6,1.0773778
2023-02-17,51.8,51.8,51.8,51.8,0.38759708
2023-02-21,51.8,51.8,51.8,51.8,0.0
2023-02-22,51.8,51.8,51.8,51.8,0.0
2023-02-23,51.8,51.8,51.8,51.8,0.0
2023-02-24,51.7,51.7,51.7,51.7,-0.19304752
2023-02-27,51.05,51.05,51.05,51.05,-1.2572587
2023-10-02,73.25,75.0,75.0,75.0,43.486774
2023-10-03,72.1,72.1,72.1,72.1,-1.5699685
2023-10-04,70.45,70.45,70.45,70.45,-2.2884905
2023-10-05,70.45,70.45,70.45,70.45,0.0
2023-10-06,69.8,69.8,69.8,69.8,-0.9226322
2023-10-09,69.15,69.15,69.15,69.15,-0.93123317
2023-10-10,69.05,69.05,69.05,69.05,-0.14461279
2023-10-11,69.25,69.25,69.25,69.25,0.2896428
2023-10-12,69.65,69.65,69.65,69.65,0.5776167
2023-10-13,69.65,69.65,69.65,69.65,0.0
2023-10-16,69.3,69.3,69.3,69.3,-0.5025089
2023-10-17,69.55,69.55,69.55,69.55,0.36075115
2023-10-18,70.35,70.35,70.35,70.35,1.1502504
2023-10-19,71.1,71.1,71.1,71.1,1.0661006
2023-10-20,72.5,72.5,72.5,72.5,1.9690633
2023-10-23,72.8,72.8,72.8,72.8,0.4137993
2023-10-24,73.4,73.4,73.4,73.4,0.82417727
2023-10-25,73.85,73.85,73.85,73.85,0.61306953
2023-10-26,74.25,74.25,74.25,74.25,0.5416393
2023-10-27,74.4,74.4,74.4,74.4,0.20202398
2023-10-30,74.5,74.5,74.5,74.5,0.13440847
2023-10-31,74.6,74.6,74.6,74.6,0.13422966
2023-11-01,74.65,74.65,74.65,74.65,0.06703138
2023-11-02,74.5,74.5,74.5,74.5,-0.20093918
2023-11-03,74.35,74.35,74.35,74.35,-0.20134449
2023-11-06,74.15,74.15,74.15,74.15,-0.26899576
2023-11-07,73.7,73.7,73.7,73.7,-0.6068826
2023-11-08,73.05,73.05,73.05,73.05,-0.8819461
2023-11-09,72.95,72.95,72.95,72.95,-0.13689995
2023-11-10,73.35,73.35,73.35,73.35,0.54832697
2023-11-13,74.25,74.25,74.25,74.25,1.2269974
2023-11-14,74.35,74.35,74.35,74.35,0.13468266
2023-11-15,74.3,74.3,74.3,74.3,-0.06724596
2023-11-16,76.35,76.35,76.35,76.35,2.7590752
2023-11-17,78.0,78.0,78.0,78.0,2.1610975
2023-11-20,79.5,79.5,79.5,79.5,1.9230723
2023-11-21,81.0,81.0,81.0,81.0,1.886797
2023-11-22,80.75,80.75,80.75,80.75,-0.30864477
2023-11-24,80.75,80.75,80.75,80.75,0.0
2023-11-27,80.7,80.7,80.7,80.7,-0.061923265
2023-11-28,81.05,81.05,81.05,81.05,0.43370724
2023-11-29,81.15,81.15,81.15,81.15,0.123381615
2023-11-30,80.6,80.6,80.6,80.6,-0.67775846
2023-12-01,81.75,81.75,81.75,81.75,1.4268041
2023-12-04,81.5,81.5,81.5,81.5,-0.3058076
2023-12-05,81.75,81.75,81.75,81.75,0.30674934
2023-12-06,82.1,82.1,82.1,82.1,0.42812824
2023-12-07,82.1,82.1,82.1,82.1,0.0
2023-12-08,82.7,82.7,82.7,82.7,0.73081255
2023-12-11,83.15,83.15,83.15,83.15,0.5441427
2023-12-12,85.35,85.35,85.35,85.35,2.6458144
2023-12-13,85.35,85.35,85.35,85.35,0.0
2023-12-14,85.35,85.35,85.35,85.35,0.0
2023-12-15,86.85,86.85,86.85,86.85,1.7574668
2023-12-18,87.35,87.35,87.35,87.35,0.57570934
2023-12-19,88.3,88.3,88.3,88.3,1.0875821
2023-12-20,90.15,90.15,90.15,90.15,2.095127
2023-12-21,90.3,90.3,90.3,90.3,0.16639233
2023-12-22,91.55,91.55,91.55,91.55,1.3842702
2023-12-26,91.6,91.6,91.6,91.6,0.054609776
2023-12-27,91.6,91.6,91.6,91.6,0.0
2023-12-28,91.6,91.6,91.6,91.6,0.0
2023-12-29,91.6,91.6,91.6,91.6,0.0
2024-01-02,92.0,92.0,92.0,92.0,0.43668747
2024-01-03,92.1,92.1,92.1,92.1,0.10869503
2024-01-04,92.45,92.45,92.45,92.45,0.38001537
2024-01-05,92.45,92.45,92.45,92.45,0.0
2024-01-08,92.45,92.45,92.45,92.45,0.0
2024-01-09,93.5,93.5,93.5,93.5,1.1357546
2024-01-10,94.4,94.4,94.4,94.4,0.9625673
2024-01-11,95.2,95.2,95.2,95.2,0.8474469
2024-01-12,102.75,102.75,102.75,102.75,7.930672
2024-01-16,105.75,105.75,105.75,105.75,2.9197097
2024-01-17,105.75,105.75,105.75,105.75,0.0
2024-01-18,105.75,105.75,105.75,105.75,0.0
2024-01-19,106.0,106.0,106.0,106.0,0.23640394
2024-01-22,106.0,106.0,106.0,106.0,0.0
2024-01-23,105.5,105.5,105.5,105.5,-0.47169924
2024-01-24,104.4,104.4,104.4,104.4,-1.0426521
2024-01-25,102.0,102.0,102.0,102.0,-2.2988498
2024-01-26,100.2,100.2,100.2,100.2,-1.7647088
2024-01-29,99.65,99.65,99.65,99.65,-0.5488992
2024-01-30,100.55,100.55,100.55,100.55,0.90316534
2024-01-31,101.3,101.3,101.3,101.3,0.7458925
2024-02-01,104.35,104.35,104.35,104.35,3.010857
2024-02-02,106.3,106.3,106.3,106.3,1.8687129
2024-02-05,105.65,105.65,105.65,105.65,-0.6114781
2024-02-06,103.55,103.55,103.55,103.55,-1.9876957
2024-02-07,102.55,102.55,102.55,102.55,-0.96571445
2024-02-08,100.9,100.9,100.9,100.9,-1.6089737
2024-02-09,100.75,100.75,100.75,100.75,-0.1486659
2024-02-12,103.25,103.25,103.25,103.25,2.481389
2024-02-13,103.4,103.4,103.4,103.4,0.14528036
2024-02-14,102.75,102.75,102.75,102.75,-0.62862635
2024-02-15,102.35,102.35,102.35,102.35,-0.38929582
2024-02-16,101.8,101.8,101.8,101.8,-0.5373657
2024-02-20,101.25,101.25,101.25,101.25,-0.54028034
2024-02-21,99.25,99.25,99.25,99.25,-1.9753098
2024-02-22,98.75,98.75,98.75,98.75,-0.50377846
2024-02-23,96.5,96.5,96.5,96.5,-2.278483
2024-02-26,94.85,94.85,94.85,94.85,-1.7098486
2024-02-27,95.6,95.6,95.6,95.6,0.79072714
2024-02-28,94.7,94.7,94.7,94.7,-0.94142556
2024-02-29,94.7,94.7,94.7,94.7,0.0
2024-03-01,94.2,94.2,94.2,94.2,-0.5279839
2024-03-04,93.4,93.4,93.4,93.4,-0.84925294
2024-03-05,92.55,92.55,92.55,92.55,-0.9100616
2024-03-06,92.2,92.2,92.2,92.2,-0.37817955
2024-03-07,91.45,91.45,91.45,91.45,-0.8134484
2024-03-08,91.3,91.3,91.3,91.3,-0.16402006
2024-03-11,90.8,90.8,90.8,90.8,-0.5476475
2024-03-12,89.1,89.1,89.1,89.1,-1.8722534
2024-03-13,84.1,84.1,84.1,84.1,-5.61167
2024-03-14,83.7,83.7,83.7,83.7,-0.47562718
2024-03-15,85.5,85.5,85.5,85.5,2.1505356
2024-03-18,85.85,85.85,85.85,85.85,0.40935278
2024-03-19,85.85,85.85,85.85,85.85,0.0
2024-03-20,87.0,87.0,87.0,87.0,1.3395429
2024-03-21,89.2,89.2,89.2,89.2,2.528727
2024-03-22,89.3,89.3,89.3,89.3,0.11211634
2024-03-25,88.9,88.9,88.9,88.9,-0.4479289
2024-03-26,89.35,89.35,89.35,89.35,0.5061865
2024-03-27,89.0,89.0,89.0,89.0,-0.39171576
2024-03-28,88.45,88.45,88.45,88.45,-0.61798096
2024-04-01,87.65,87.65,87.65,87.65,-0.90445876
2024-04-02,87.6,87.6,87.6,87.6,-0.057047606
2024-04-03,89.05,89.05,89.05,89.05,1.6552567
2024-04-04,89.4,89.4,89.4,89.4,0.39303303
2024-04-05,89.4,89.4,89.4,89.4,0.0
2024-04-08,88.8,88.8,88.8,88.8,-0.6711364
2024-04-09,88.8,88.8,88.8,88.8,0.0
2024-04-10,88.3,88.3,88.3,88.3,-0.56306124
2024-04-11,88.25,88.25,88.25,88.25,-0.056630373
2024-04-12,89.65,89.65,89.65,89.65,1.5864015
2024-04-15,90.1,90.1,90.1,90.1,0.50195456
2024-04-16,89.35,89.35,89.35,89.35,-0.83240867
2024-04-17,89.3,89.3,89.3,89.3,-0.05595684
2024-04-18,89.3,89.3,89.3,89.3,0.0
2024-04-19,89.3,89.3,89.3,89.3,0.0
2024-04-22,89.45,89.45,89.45,89.45,0.16796589
2024-04-23,89.9,89.9,89.9,89.9,0.5030751
2024-04-24,88.8,88.8,88.8,88.8,-1.223582
2024-04-25,86.1,86.1,86.1,86.1,-3.0405462
2024-04-26,87.35,87.35,87.35,87.35,1.4518023
2024-04-29,87.7,87.7,87.7,87.7,0.40068626
2024-04-30,90.25,90.25,90.25,90.25,2.9076457
2024-05-01,92.3,92.3,92.3,92.3,2.2714734
2024-05-02,91.75,91.75,91.75,91.75,-0.5958855
2024-05-03,92.4,92.4,92.4,92.4,0.7084489
2024-05-06,92.25,92.25,92.25,92.25,-0.16233921
2024-05-07,93.5,93.5,93.5,93.5,1.3550162
2024-05-08,93.75,93.75,93.75,93.75,0.26737452
2024-05-09,93.25,93.25,93.25,93.25,-0.53333044
2024-05-10,92.25,92.25,92.25,92.25,-1.0723889
2024-05-13,91.1,91.1,91.1,91.1,-1.2466133
2024-05-14,91.1,91.1,91.1,91.1,0.0
2024-05-15,90.9,90.9,90.9,90.9,-0.21953583
2024-05-16,90.65,90.65,90.65,90.65,-0.27502775
2024-05-17,90.95,90.95,90.95,90.95,0.3309369
2024-05-20,91.35,91.35,91.35,91.35,0.43979883
2024-05-21,92.05,92.05,92.05,92.05,0.76628923
2024-05-22,92.1,92.1,92.1,92.1,0.054311752
2024-05-23,91.75,91.75,91.75,91.75,-0.38002133
2024-05-24,91.65,91.65,91.65,91.65,-0.10899305
2024-05-28,90.55,90.55,90.55,90.55,-1.200217
2024-05-29,90.3,90.3,90.3,90.3,-0.2760887
2024-05-30,89.9,89.9,89.9,89.9,-0.4429698
2024-05-31,88.6,88.6,88.6,88.6,-1.4460564
2024-06-03,89.85,89.85,89.85,89.85,1.41083
2024-06-04,89.65,89.65,89.65,89.65,-0.22258759
2024-06-05,88.9,88.9,88.9,88.9,-0.83658695
2024-06-06,87.25,87.25,87.25,87.25,-1.8560171
2024-06-07,87.4,87.4,87.4,87.4,0.17192364
2024-06-10,84.3,84.3,84.3,84.3,-3.5469115
2024-06-11,82.75,82.75,82.75,82.75,-1.8386722
2024-06-12,84.5,84.5,84.5,84.5,2.1148086
2024-06-13,86.0,86.0,86.0,86.0,1.7751455
2024-06-14,86.65,86.65,86.65,86.65,0.75581074
2024-06-17,86.15,86.15,86.15,86.15,-0.57703257
2024-06-18,86.25,86.25,86.25,86.25,0.116074085
2024-06-20,85.05,85.05,85.05,85.05,-1.3913035
2024-06-21,84.5,84.5,84.5,84.5,-0.6466806
2024-06-24,83.6,83.6,83.6,83.6,-1.0650933
2024-06-25,83.2,83.2,83.2,83.2,-0.47847033
2024-06-26,83.55,83.55,83.55,83.55,0.42067766
2024-06-27,84.55,84.55,84.55,84.55,1.1968851
2024-06-28,85.75,85.75,85.75,85.75,1.41927
2024-07-01,85.7,85.7,85.7,85.7,-0.058311224
2024-07-02,85.65,85.65,85.65,85.65,-0.058335066
2024-07-03,85.65,85.65,85.65,85.65,0.0
2024-07-05,85.65,85.65,85.65,85.65,0.0
2024-07-08,85.65,85.65,85.65,85.65,0.0
2024-07-09,85.65,85.65,85.65,85.65,0.0
2024-07-10,85.85,85.85,85.85,85.85,0.23350716
2024-07-11,86.15,86.15,86.15,86.15,0.3494501
2024-07-12,86.15,86.15,86.15,86.15,0.0
2024-07-15,86.25,86.25,86.25,86.25,0.116074085
2024-07-16,85.6,85.6,85.6,85.6,-0.75362325
2024-07-17,85.2,85.2,85.2,85.2,-0.46729445
2024-07-18,84.7,84.7,84.7,84.7,-0.5868554
2024-07-19,84.35,84.35,84.35,84.35,-0.41322112
2024-07-22,83.45,83.45,83.45,83.45,-1.0669827
2024-07-23,83.3,83.3,83.3,83.3,-0.17974377
2024-07-24,82.75,82.75,82.75,82.75,-0.66027045
2024-07-25,82.25,82.25,82.25,82.25,-0.60423017
2024-07-26,82.45,82.45,82.45,82.45,0.24316311
2024-07-29,82.3,82.3,82.3,82.3,-0.18191934
2024-07-30,82.6,82.6,82.6,82.6,0.36451817
2024-07-31,84.45,84.45,84.45,84.45,2.2397041
2024-08-01,85.05,85.05,85.05,85.05,0.71048737
2024-08-02,82.6,82.6,82.6,82.6,-2.8806627
2024-08-05,81.85,81.85,81.85,81.85,-0.90798736
2024-08-06,81.65,81.65,81.65,81.65,-0.24434328
2024-08-07,81.7,81.7,81.7,81.7,0.06122589
2024-08-08,81.6,81.6,81.6,81.6,-0.12239814
2024-08-09,81.55,81.55,81.55,81.55,-0.061267614
2024-08-12,81.5,81.5,81.5,81.5,-0.061315298
2024-08-13,81.55,81.55,81.55,81.55,0.06135702
2024-08-14,81.55,81.55,81.55,81.55,0.0
2024-08-15,81.25,81.25,81.25,81.25,-0.3678739
2024-08-16,81.2,81.2,81.2,81.2,-0.061541796
2024-08-19,81.2,81.2,81.2,81.2,0.0
2024-08-20,80.6,80.6,80.6,80.6,-0.7389128
2024-08-21,80.05,80.05,80.05,80.05,-0.6823778
2024-08-22,79.85,79.85,79.85,79.85,-0.24985075
2024-08-23,82.4,82.4,82.4,82.4,3.1934857
2024-08-26,80.15,80.15,80.15,80.15,-2.7305841
2024-08-27,78.85,78.85,78.85,78.85,-1.6219616
2024-08-28,79.25,79.25,79.25,79.25,0.50729513
2024-08-29,79.5,79.5,79.5,79.5,0.31545162
2024-08-30,79.25,79.25,79.25,79.25,-0.31446815
2024-09-03,79.6,79.6,79.6,79.6,0.44163465
2024-09-04,79.6,79.6,79.6,79.6,0.0
2024-09-05,79.85,79.85,79.85,79.85,0.3140688
2024-09-06,79.95,79.95,79.95,79.95,0.12522936
2024-09-09,79.55,79.55,79.55,79.55,-0.5003035
2024-09-10,79.5,79.5,79.5,79.5,-0.06285906
2024-09-11,79.65,79.65,79.65,79.65,0.18868446
2024-09-12,80.05,80.05,80.05,80.05,0.5022049
2024-09-13,79.65,79.65,79.65,79.65,-0.49968958
2024-09-16,79.5,79.5,79.5,79.5,-0.18832684
